data/video_OTDqev8aW0A/frames/f_001.jpg	0.30	110000
data/video_OTDqev8aW0A/frames/f_002.jpg	0.30	..dono.dlold
data/video_OTDqev8aW0A/frames/f_003.jpg	0.50	•..Hoo.olln
data/video_OTDqev8aW0A/frames/f_004.jpg	0.30	.10...1....I
data/video_OTDqev8aW0A/frames/f_005.jpg	0.30	1.odndl
data/video_OTDqev8aW0A/frames/f_006.jpg	0.30	1.00l0.00l.
data/video_OTDqev8aW0A/frames/f_008.jpg	0.30	1.1.ndl
data/video_OTDqev8aW0A/frames/f_009.jpg	0.50	SUNO AI 18
data/video_OTDqev8aW0A/frames/f_010.jpg	0.30	..lb..l0ols.
data/video_OTDqev8aW0A/frames/f_010.jpg	1.00	SUNO AI 48
data/video_OTDqev8aW0A/frames/f_011.jpg	0.30	dn.n..
data/video_OTDqev8aW0A/frames/f_011.jpg	1.00	SUNO AI 48
data/video_OTDqev8aW0A/frames/f_012.jpg	0.30	1.nlon.l.
data/video_OTDqev8aW0A/frames/f_012.jpg	1.00	SUNO AI 48
data/video_OTDqev8aW0A/frames/f_013.jpg	0.30	adlindll..
data/video_OTDqev8aW0A/frames/f_013.jpg	1.00	SUNO AI 48
data/video_OTDqev8aW0A/frames/f_014.jpg	0.30	daladanl.ol
data/video_OTDqev8aW0A/frames/f_014.jpg	1.00	SUNO AI 48
data/video_OTDqev8aW0A/frames/f_015.jpg	0.30	ln.dindl
data/video_OTDqev8aW0A/frames/f_015.jpg	0.30	SUNO AI 48
data/video_OTDqev8aW0A/frames/f_016.jpg	0.30	..1.....
data/video_OTDqev8aW0A/frames/f_016.jpg	1.00	SUNO AI 88
data/video_OTDqev8aW0A/frames/f_017.jpg	0.30	.00h.n00h..0
data/video_OTDqev8aW0A/frames/f_017.jpg	1.00	SUNO AI 48
data/video_OTDqev8aW0A/frames/f_018.jpg	0.30	1u..o
data/video_OTDqev8aW0A/frames/f_018.jpg	1.00	SUNO AI 48
data/video_OTDqev8aW0A/frames/f_019.jpg	0.30	bdlon.d
data/video_OTDqev8aW0A/frames/f_019.jpg	1.00	SUNO AI 48
data/video_OTDqev8aW0A/frames/f_020.jpg	1.00	]
data/video_OTDqev8aW0A/frames/f_021.jpg	0.30	LDEN ]
data/video_OTDqev8aW0A/frames/f_021.jpg	1.00	Lyrics
data/video_OTDqev8aW0A/frames/f_021.jpg	1.00	[whisper] |
data/video_OTDqev8aW0A/frames/f_022.jpg	0.30	LMEНNO]
data/video_OTDqev8aW0A/frames/f_022.jpg	1.00	Lyrics
data/video_OTDqev8aW0A/frames/f_022.jpg	1.00	[whisper]|
data/video_OTDqev8aW0A/frames/f_023.jpg	0.30	AIE[
data/video_OTDqev8aW0A/frames/f_024.jpg	1.00	[whisper]
data/video_OTDqev8aW0A/frames/f_024.jpg	0.50	AIEŁ -
data/video_OTDqev8aW0A/frames/f_025.jpg	1.00	[whisper]
data/video_OTDqev8aW0A/frames/f_025.jpg	1.00	$49
data/video_OTDqev8aW0A/frames/f_025.jpg	1.00	AIE{
data/video_OTDqev8aW0A/frames/f_025.jpg	1.00	Icrying but trying to hide it]
data/video_OTDqev8aW0A/frames/f_025.jpg	1.00	[telephone voicemail]
data/video_OTDqev8aW0A/frames/f_025.jpg	0.30	Hel S1a
data/video_OTDqev8aW0A/frames/f_026.jpg	0.30	DIEFENZ мęH
data/video_OTDqev8aW0A/frames/f_026.jpg	0.30	$9!
data/video_OTDqev8aW0A/frames/f_028.jpg	0.30	H0LA
data/video_OTDqev8aW0A/frames/f_028.jpg	0.30	2÷9·x1
data/video_OTDqev8aW0A/frames/f_028.jpg	0.30	DEНRO M
data/video_OTDqev8aW0A/frames/f_028.jpg	0.30	„EщE
data/video_OTDqev8aW0A/frames/f_029.jpg	1.00	01
data/video_OTDqev8aW0A/frames/f_029.jpg	1.00	F90
data/video_OTDqev8aW0A/frames/f_029.jpg	1.00	02
data/video_OTDqev8aW0A/frames/f_029.jpg	1.00	03
data/video_OTDqev8aW0A/frames/f_029.jpg	1.00	04
data/video_OTDqev8aW0A/frames/f_030.jpg	1.00	03
data/video_OTDqev8aW0A/frames/f_030.jpg	1.00	05
data/video_OTDqev8aW0A/frames/f_030.jpg	1.00	06
data/video_OTDqev8aW0A/frames/f_030.jpg	0.30	• 8k7[
data/video_OTDqev8aW0A/frames/f_030.jpg	1.00	04
data/video_OTDqev8aW0A/frames/f_030.jpg	1.00	08
data/video_OTDqev8aW0A/frames/f_032.jpg	1.00	SUNO AI • META TAG
data/video_OTDqev8aW0A/frames/f_032.jpg	0.30	1oandoomlh.ooil
data/video_OTDqev8aW0A/frames/f_033.jpg	1.00	Prompt
data/video_OTDqev8aW0A/frames/f_033.jpg	1.00	Styles
data/video_OTDqev8aW0A/frames/f_033.jpg	0.30	DIE|E3
data/video_OTDqev8aW0A/frames/f_033.jpg	1.00	01
data/video_OTDqev8aW0A/frames/f_033.jpg	1.00	••
data/video_OTDqev8aW0A/frames/f_033.jpg	1.00	Telephone Voice
data/video_OTDqev8aW0A/frames/f_033.jpg	0.30	HA8 28
data/video_OTDqev8aW0A/frames/f_033.jpg	1.00	Sample 01
data/video_OTDqev8aW0A/frames/f_033.jpg	1.00	(9948?..)
data/video_OTDqev8aW0A/frames/f_033.jpg	1.00	(a40)...)
data/video_OTDqev8aW0A/frames/f_033.jpg	0.30	20272)
data/video_OTDqev8aW0A/frames/f_034.jpg	1.00	01
data/video_OTDqev8aW0A/frames/f_034.jpg	1.00	Prompt
data/video_OTDqev8aW0A/frames/f_034.jpg	1.00	Styles
data/video_OTDqev8aW0A/frames/f_034.jpg	1.00	Narrow band-pass 300Hz-3.4kHz
data/video_OTDqev8aW0A/frames/f_034.jpg	1.00	Mono • Compressed • Close-mic
data/video_OTDqev8aW0A/frames/f_034.jpg	0.30	DE/H2
data/video_OTDqev8aW0A/frames/f_034.jpg	1.00	[Bridge: one-sided fenale telephone voicemail, spoken
data/video_OTDqev8aW0A/frames/f_034.jpg	1.00	only]
data/video_OTDqev8aW0A/frames/f_034.jpg	0.30	W4828
data/video_OTDqev8aW0A/frames/f_034.jpg	1.00	Telephone Voice
data/video_OTDqev8aW0A/frames/f_034.jpg	1.00	Sample 01
data/video_OTDqev8aW0A/frames/f_034.jpg	0.30	(0E18?...)
data/video_OTDqev8aW0A/frames/f_034.jpg	1.00	(8..LO).....)
data/video_OTDqev8aW0A/frames/f_035.jpg	1.00	01
data/video_OTDqev8aW0A/frames/f_035.jpg	1.00	Telephone Voice
data/video_OTDqev8aW0A/frames/f_035.jpg	1.00	Prompt
data/video_OTDqev8aW0A/frames/f_035.jpg	1.00	Styles
data/video_OTDqev8aW0A/frames/f_035.jpg	1.00	Narrow band-pass 300Hz-3.4kHz
data/video_OTDqev8aW0A/frames/f_035.jpg	1.00	Mono • Compressed • Close-mic
data/video_OTDqev8aW0A/frames/f_035.jpg	0.30	0jEН2
data/video_OTDqev8aW0A/frames/f_035.jpg	1.00	[Bridge: one-sided female telephone voicemail, spoken
data/video_OTDqev8aW0A/frames/f_035.jpg	1.00	only]
data/video_OTDqev8aW0A/frames/f_035.jpg	1.00	Sample 01
data/video_OTDqev8aW0A/frames/f_035.jpg	0.30	(9542?....)
data/video_OTDqev8aW0A/frames/f_035.jpg	1.00	(8...40F.....)
data/video_OTDqev8aW0A/frames/f_035.jpg	0.50	421
data/video_OTDqev8aW0A/frames/f_036.jpg	1.00	01
data/video_OTDqev8aW0A/frames/f_036.jpg	1.00	Prompt
data/video_OTDqev8aW0A/frames/f_036.jpg	1.00	Styles
data/video_OTDqev8aW0A/frames/f_036.jpg	1.00	Narrow band-pass 300Hz-3.4kHz
data/video_OTDqev8aW0A/frames/f_036.jpg	1.00	Mono • Compressed • Close-mic
data/video_OTDqev8aW0A/frames/f_036.jpg	0.30	CHEFE2
data/video_OTDqev8aW0A/frames/f_036.jpg	1.00	only]
data/video_OTDqev8aW0A/frames/f_036.jpg	1.00	[Bridge: one-sided female telephone voicemail, spoken
data/video_OTDqev8aW0A/frames/f_036.jpg	0.30	448 28
data/video_OTDqev8aW0A/frames/f_036.jpg	1.00	Telephone Voice
data/video_OTDqev8aW0A/frames/f_036.jpg	1.00	Sample 01
data/video_OTDqev8aW0A/frames/f_036.jpg	0.30	(9518...)
data/video_OTDqev8aW0A/frames/f_036.jpg	1.00	(8.L0F.....)
data/video_OTDqev8aW0A/frames/f_037.jpg	1.00	01 #THE O Telephone Voice
data/video_OTDqev8aW0A/frames/f_037.jpg	1.00	Prompt
data/video_OTDqev8aW0A/frames/f_037.jpg	1.00	Styles
data/video_OTDqev8aW0A/frames/f_037.jpg	1.00	Narrow band-pass 300Hz-3.4kHz
data/video_OTDqev8aW0A/frames/f_037.jpg	1.00	Mono • Compressed • Close-mic
data/video_OTDqev8aW0A/frames/f_037.jpg	0.30	CE/EН2
data/video_OTDqev8aW0A/frames/f_037.jpg	1.00	[Bridge: one-sided female telephone voicemail, spoken
data/video_OTDqev8aW0A/frames/f_037.jpg	1.00	only]
data/video_OTDqev8aW0A/frames/f_037.jpg	1.00	Sample 01
data/video_OTDqev8aW0A/frames/f_037.jpg	0.30	(9542....)
data/video_OTDqev8aW0A/frames/f_037.jpg	1.00	(8.LO)....))
data/video_OTDqev8aW0A/frames/f_038.jpg	1.00	01
data/video_OTDqev8aW0A/frames/f_038.jpg	1.00	• Telephone Voice
data/video_OTDqev8aW0A/frames/f_038.jpg	1.00	Prompt
data/video_OTDqev8aW0A/frames/f_038.jpg	1.00	Styles
data/video_OTDqev8aW0A/frames/f_038.jpg	1.00	Narrow band-pass 300Hz-3.4kHz
data/video_OTDqev8aW0A/frames/f_038.jpg	1.00	Mono • Compressed • Close-mic
data/video_OTDqev8aW0A/frames/f_038.jpg	0.30	DE/EH2
data/video_OTDqev8aW0A/frames/f_038.jpg	1.00	[Bridge: one-sided female telephone voicemail, spoken
data/video_OTDqev8aW0A/frames/f_038.jpg	1.00	only]
data/video_OTDqev8aW0A/frames/f_038.jpg	1.00	Sample 01
data/video_OTDqev8aW0A/frames/f_038.jpg	0.30	(915x8..)
data/video_OTDqev8aW0A/frames/f_038.jpg	1.00	(8..LOF.....)
data/video_OTDqev8aW0A/frames/f_038.jpg	1.00	CH21
data/video_OTDqev8aW0A/frames/f_039.jpg	1.00	01 -
data/video_OTDqev8aW0A/frames/f_039.jpg	1.00	Prompt
data/video_OTDqev8aW0A/frames/f_039.jpg	1.00	Styles
data/video_OTDqev8aW0A/frames/f_039.jpg	1.00	Narrow band-pass 300Hz-3.4kHz
data/video_OTDqev8aW0A/frames/f_039.jpg	1.00	Mono • Compressed • Close-mic
data/video_OTDqev8aW0A/frames/f_039.jpg	0.30	OELENZ
data/video_OTDqev8aW0A/frames/f_039.jpg	1.00	[Bridge: one-sided female telephone voicemail, spoken
data/video_OTDqev8aW0A/frames/f_039.jpg	1.00	only]
data/video_OTDqev8aW0A/frames/f_039.jpg	0.30	M4S 28
data/video_OTDqev8aW0A/frames/f_039.jpg	1.00	Telephone Voice
data/video_OTDqev8aW0A/frames/f_039.jpg	1.00	Sample 01
data/video_OTDqev8aW0A/frames/f_039.jpg	0.30	llEL..u
data/video_OTDqev8aW0A/frames/f_039.jpg	0.30	(012418.)
data/video_OTDqev8aW0A/frames/f_039.jpg	1.00	(8.LOF.....)
data/video_OTDqev8aW0A/frames/f_039.jpg	0.30	(H4 10(..)
data/video_OTDqev8aW0A/frames/f_039.jpg	1.00	1...I
data/video_OTDqev8aW0A/frames/f_040.jpg	1.00	01.
data/video_OTDqev8aW0A/frames/f_040.jpg	1.00	Prompt
data/video_OTDqev8aW0A/frames/f_040.jpg	1.00	Styles
data/video_OTDqev8aW0A/frames/f_040.jpg	1.00	Narrow band-pass 300Hz-3.4kHz
data/video_OTDqev8aW0A/frames/f_040.jpg	1.00	Mono - Compressed - Close-mic
data/video_OTDqev8aW0A/frames/f_040.jpg	0.30	MELEZ
data/video_OTDqev8aW0A/frames/f_040.jpg	1.00	only]
data/video_OTDqev8aW0A/frames/f_040.jpg	1.00	[Bridge: one-sided female telephone voicemail, spoken
data/video_OTDqev8aW0A/frames/f_040.jpg	0.30	HA8 BE
data/video_OTDqev8aW0A/frames/f_040.jpg	1.00	Telephone Voice
data/video_OTDqev8aW0A/frames/f_040.jpg	1.00	Sample 01
data/video_OTDqev8aW0A/frames/f_040.jpg	0.30	.ollIl.
data/video_OTDqev8aW0A/frames/f_040.jpg	0.30	(9518?....)
data/video_OTDqev8aW0A/frames/f_040.jpg	1.00	(8..40).....)
data/video_OTDqev8aW0A/frames/f_040.jpg	0.30	(HL 201...)
data/video_OTDqev8aW0A/frames/f_040.jpg	1.00	1..Il
data/video_OTDqev8aW0A/frames/f_041.jpg	1.00	01 :
data/video_OTDqev8aW0A/frames/f_041.jpg	1.00	Prompt
data/video_OTDqev8aW0A/frames/f_041.jpg	1.00	Styles
data/video_OTDqev8aW0A/frames/f_041.jpg	1.00	Narrow band-pass 300Hz-3.4kHz
data/video_OTDqev8aW0A/frames/f_041.jpg	1.00	Mono • Compressed • Close-mic
data/video_OTDqev8aW0A/frames/f_041.jpg	0.30	DIE|EZ
data/video_OTDqev8aW0A/frames/f_041.jpg	1.00	[Bridge: one-sided female telephone voicemail, spoken
data/video_OTDqev8aW0A/frames/f_041.jpg	1.00	only]
data/video_OTDqev8aW0A/frames/f_041.jpg	0.30	SAS 2E
data/video_OTDqev8aW0A/frames/f_041.jpg	1.00	Telephone Voice
data/video_OTDqev8aW0A/frames/f_041.jpg	1.00	Sample 01
data/video_OTDqev8aW0A/frames/f_041.jpg	0.30	dandııll...
data/video_OTDqev8aW0A/frames/f_041.jpg	0.30	(99x18?..)
data/video_OTDqev8aW0A/frames/f_041.jpg	1.00	(8...40}....)
data/video_OTDqev8aW0A/frames/f_042.jpg	1.00	Prompt
data/video_OTDqev8aW0A/frames/f_042.jpg	1.00	Styles
data/video_OTDqev8aW0A/frames/f_042.jpg	1.00	Narrow band-pass 300Hz-3.4kHz
data/video_OTDqev8aW0A/frames/f_042.jpg	1.00	Mono • Compressed • Close-mic
data/video_OTDqev8aW0A/frames/f_042.jpg	0.30	DE|E|=
data/video_OTDqev8aW0A/frames/f_042.jpg	1.00	[Bridge: one-sided female telephone voicemail, spoken
data/video_OTDqev8aW0A/frames/f_042.jpg	1.00	only]
data/video_OTDqev8aW0A/frames/f_042.jpg	1.00	HAS 28
data/video_OTDqev8aW0A/frames/f_042.jpg	1.00	• Telephone Voice
data/video_OTDqev8aW0A/frames/f_042.jpg	1.00	Sample 01
data/video_OTDqev8aW0A/frames/f_042.jpg	0.50	H....l
data/video_OTDqev8aW0A/frames/f_042.jpg	0.30	9918)
data/video_OTDqev8aW0A/frames/f_042.jpg	1.00	(8.LOF....)
data/video_OTDqev8aW0A/frames/f_042.jpg	0.50	1.•lI
data/video_OTDqev8aW0A/frames/f_043.jpg	1.00	01.
data/video_OTDqev8aW0A/frames/f_043.jpg	1.00	Prompt
data/video_OTDqev8aW0A/frames/f_043.jpg	1.00	Styles
data/video_OTDqev8aW0A/frames/f_043.jpg	1.00	Narrow band-pass 300Hz-3.4kHz
data/video_OTDqev8aW0A/frames/f_043.jpg	1.00	Mono • Compressed • Close-mic
data/video_OTDqev8aW0A/frames/f_043.jpg	0.30	448 28
data/video_OTDqev8aW0A/frames/f_043.jpg	1.00	[Bridge: one-sided female telephone voicemail, spoken
data/video_OTDqev8aW0A/frames/f_043.jpg	1.00	only]
data/video_OTDqev8aW0A/frames/f_043.jpg	1.00	Telephone Voice
data/video_OTDqev8aW0A/frames/f_043.jpg	1.00	Sample 01
data/video_OTDqev8aW0A/frames/f_043.jpg	0.30	..lllI
data/video_OTDqev8aW0A/frames/f_043.jpg	0.50	_-
data/video_OTDqev8aW0A/frames/f_043.jpg	0.30	.I1
data/video_OTDqev8aW0A/frames/f_043.jpg	0.30	(0548?...)
data/video_OTDqev8aW0A/frames/f_043.jpg	1.00	(g..40).....)
data/video_OTDqev8aW0A/frames/f_044.jpg	1.00	01.
data/video_OTDqev8aW0A/frames/f_044.jpg	1.00	Prompt
data/video_OTDqev8aW0A/frames/f_044.jpg	1.00	Styles
data/video_OTDqev8aW0A/frames/f_044.jpg	1.00	Narrow band-pass 300Hz-3.4kHz
data/video_OTDqev8aW0A/frames/f_044.jpg	1.00	Mono • Compressed • Close-mic
data/video_OTDqev8aW0A/frames/f_044.jpg	0.30	OEНNZ
data/video_OTDqev8aW0A/frames/f_044.jpg	1.00	[Bridge: one-sided female telephone voicemail, spoken
data/video_OTDqev8aW0A/frames/f_044.jpg	1.00	only]
data/video_OTDqev8aW0A/frames/f_044.jpg	0.50	WAS BE
data/video_OTDqev8aW0A/frames/f_044.jpg	1.00	Telephone Voice
data/video_OTDqev8aW0A/frames/f_044.jpg	1.00	Sample 01
data/video_OTDqev8aW0A/frames/f_044.jpg	0.30	IlIIl
data/video_OTDqev8aW0A/frames/f_044.jpg	1.00	(9548?....)
data/video_OTDqev8aW0A/frames/f_044.jpg	1.00	(8.40F.....)
data/video_OTDqev8aW0A/frames/f_044.jpg	1.00	•
data/video_OTDqev8aW0A/frames/f_044.jpg	0.30	Illllmni
data/video_OTDqev8aW0A/frames/f_045.jpg	1.00	01
data/video_OTDqev8aW0A/frames/f_045.jpg	1.00	Telephone Voice
data/video_OTDqev8aW0A/frames/f_045.jpg	0.30	•#PIEE
data/video_OTDqev8aW0A/frames/f_045.jpg	1.00	Prompt
data/video_OTDqev8aW0A/frames/f_045.jpg	1.00	Styles
data/video_OTDqev8aW0A/frames/f_045.jpg	1.00	Narrow band-pass 300Hz-3.4kHz
data/video_OTDqev8aW0A/frames/f_045.jpg	1.00	Mono • Compressed • Close-mic
data/video_OTDqev8aW0A/frames/f_045.jpg	0.30	O(EJE2
data/video_OTDqev8aW0A/frames/f_045.jpg	1.00	[Bridge: one-sided female telephone voicemail, spoken
data/video_OTDqev8aW0A/frames/f_045.jpg	1.00	only]
data/video_OTDqev8aW0A/frames/f_045.jpg	0.30	WASBE
data/video_OTDqev8aW0A/frames/f_045.jpg	1.00	Sample 01
data/video_OTDqev8aW0A/frames/f_045.jpg	0.30	(0548?....)
data/video_OTDqev8aW0A/frames/f_045.jpg	1.00	&.40F.....)
data/video_OTDqev8aW0A/frames/f_046.jpg	1.00	01
data/video_OTDqev8aW0A/frames/f_046.jpg	1.00	Prompt
data/video_OTDqev8aW0A/frames/f_046.jpg	1.00	Styles
data/video_OTDqev8aW0A/frames/f_046.jpg	1.00	Narrow band-pass 300Hz-3.4kHz
data/video_OTDqev8aW0A/frames/f_046.jpg	1.00	Mono • Compressed • Close-mic
data/video_OTDqev8aW0A/frames/f_046.jpg	0.30	CIEHE2
data/video_OTDqev8aW0A/frames/f_046.jpg	1.00	[Bridge: one-sided female telephone voicemail, spoken
data/video_OTDqev8aW0A/frames/f_046.jpg	1.00	only]
data/video_OTDqev8aW0A/frames/f_046.jpg	0.30	2418 218
data/video_OTDqev8aW0A/frames/f_046.jpg	1.00	Telephone Voice
data/video_OTDqev8aW0A/frames/f_046.jpg	1.00	Sample 01
data/video_OTDqev8aW0A/frames/f_046.jpg	1.00	(95A|8?....)
data/video_OTDqev8aW0A/frames/f_046.jpg	1.00	(8.40)...)
data/video_OTDqev8aW0A/frames/f_047.jpg	1.00	01
data/video_OTDqev8aW0A/frames/f_047.jpg	1.00	Prompt
data/video_OTDqev8aW0A/frames/f_047.jpg	1.00	Styles
data/video_OTDqev8aW0A/frames/f_047.jpg	1.00	Narrow band-pass 300Hz-3.4kHz
data/video_OTDqev8aW0A/frames/f_047.jpg	1.00	Mono • Compressed • Close-mic
data/video_OTDqev8aW0A/frames/f_047.jpg	0.30	WAS 218
data/video_OTDqev8aW0A/frames/f_047.jpg	1.00	[Bridge: one-sided fenale telephone voicemail, spoken
data/video_OTDqev8aW0A/frames/f_047.jpg	1.00	only]
data/video_OTDqev8aW0A/frames/f_047.jpg	1.00	• Telephone Voice
data/video_OTDqev8aW0A/frames/f_047.jpg	1.00	Sample 01
data/video_OTDqev8aW0A/frames/f_047.jpg	1.00	(9152418?....)
data/video_OTDqev8aW0A/frames/f_047.jpg	1.00	(8...LOF....)
data/video_OTDqev8aW0A/frames/f_048.jpg	1.00	02
data/video_OTDqev8aW0A/frames/f_048.jpg	1.00	Prompt
data/video_OTDqev8aW0A/frames/f_048.jpg	1.00	Styles
data/video_OTDqev8aW0A/frames/f_048.jpg	1.00	4-bar Korean PBR&B Spoken-word
data/video_OTDqev8aW0A/frames/f_048.jpg	1.00	No melody - No singing
data/video_OTDqev8aW0A/frames/f_048.jpg	0.30	O(E|EH3
data/video_OTDqev8aW0A/frames/f_048.jpg	1.00	[Spoken Word: intimate,
data/video_OTDqev8aW0A/frames/f_048.jpg	1.00	natural speech, no melody]
data/video_OTDqev8aW0A/frames/f_048.jpg	1.00	Spoken Word
data/video_OTDqev8aW0A/frames/f_048.jpg	1.00	Sample 02
data/video_OTDqev8aW0A/frames/f_049.jpg	1.00	02
data/video_OTDqev8aW0A/frames/f_049.jpg	1.00	Prompt
data/video_OTDqev8aW0A/frames/f_049.jpg	1.00	Styles
data/video_OTDqev8aW0A/frames/f_049.jpg	1.00	4-bar Korean PBR&B Spoken-word
data/video_OTDqev8aW0A/frames/f_049.jpg	1.00	No melody • No singing
data/video_OTDqev8aW0A/frames/f_049.jpg	0.30	0E/62
data/video_OTDqev8aW0A/frames/f_049.jpg	0.30	14828
data/video_OTDqev8aW0A/frames/f_049.jpg	1.00	[Spoken Word: intimate, natural speech, no
data/video_OTDqev8aW0A/frames/f_049.jpg	1.00	me Lody]
data/video_OTDqev8aW0A/frames/f_049.jpg	1.00	Spoken Word
data/video_OTDqev8aW0A/frames/f_049.jpg	1.00	Sample 02
data/video_OTDqev8aW0A/frames/f_049.jpg	0.30	42572)
data/video_OTDqev8aW0A/frames/f_050.jpg	1.00	02
data/video_OTDqev8aW0A/frames/f_050.jpg	1.00	Prompt
data/video_OTDqev8aW0A/frames/f_050.jpg	1.00	Styles
data/video_OTDqev8aW0A/frames/f_050.jpg	1.00	4-bar Korean PBR&B Spoken-word
data/video_OTDqev8aW0A/frames/f_050.jpg	1.00	No melody • No singing
data/video_OTDqev8aW0A/frames/f_050.jpg	0.30	CEFEHZ
data/video_OTDqev8aW0A/frames/f_050.jpg	0.30	HAS 243
data/video_OTDqev8aW0A/frames/f_050.jpg	1.00	[Spoken Word: intimate, natural speech, no melody]
data/video_OTDqev8aW0A/frames/f_050.jpg	1.00	Spoken Word
data/video_OTDqev8aW0A/frames/f_050.jpg	1.00	Sample 02
data/video_OTDqev8aW0A/frames/f_051.jpg	1.00	02
data/video_OTDqev8aW0A/frames/f_051.jpg	1.00	Prompt
data/video_OTDqev8aW0A/frames/f_051.jpg	1.00	Styles
data/video_OTDqev8aW0A/frames/f_051.jpg	1.00	4-bar Korean PBR&B Spoken-word
data/video_OTDqev8aW0A/frames/f_051.jpg	1.00	No melody • No singing
data/video_OTDqev8aW0A/frames/f_051.jpg	0.30	OjEFEHZ
data/video_OTDqev8aW0A/frames/f_051.jpg	1.00	[Spoken Word: intimate, natural speech, no melody]
data/video_OTDqev8aW0A/frames/f_051.jpg	1.00	Spoken Word
data/video_OTDqev8aW0A/frames/f_051.jpg	1.00	Sample 02
data/video_OTDqev8aW0A/frames/f_051.jpg	0.30	49272)
data/video_OTDqev8aW0A/frames/f_051.jpg	1.00	4H21
data/video_OTDqev8aW0A/frames/f_052.jpg	1.00	02
data/video_OTDqev8aW0A/frames/f_052.jpg	0.30	NzEHE
data/video_OTDqev8aW0A/frames/f_052.jpg	1.00	Spoken Word
data/video_OTDqev8aW0A/frames/f_052.jpg	1.00	Prompt
data/video_OTDqev8aW0A/frames/f_052.jpg	1.00	Styles
data/video_OTDqev8aW0A/frames/f_052.jpg	1.00	4-bar Korean PBR&B Spoken-word
data/video_OTDqev8aW0A/frames/f_052.jpg	1.00	No melody • No singing
data/video_OTDqev8aW0A/frames/f_052.jpg	1.00	Sample 02
data/video_OTDqev8aW0A/frames/f_052.jpg	1.00	[Spoken Word: intimate, natural speech, no
data/video_OTDqev8aW0A/frames/f_052.jpg	1.00	me Lody]
data/video_OTDqev8aW0A/frames/f_052.jpg	0.30	(E018940)...)
data/video_OTDqev8aW0A/frames/f_053.jpg	1.00	02
data/video_OTDqev8aW0A/frames/f_053.jpg	0.30	NzEHE
data/video_OTDqev8aW0A/frames/f_053.jpg	1.00	Spoken Word
data/video_OTDqev8aW0A/frames/f_053.jpg	1.00	Prompt
data/video_OTDqev8aW0A/frames/f_053.jpg	1.00	Styles
data/video_OTDqev8aW0A/frames/f_053.jpg	1.00	4-bar Korean PBR&B Spoken-word
data/video_OTDqev8aW0A/frames/f_053.jpg	1.00	No melody • No singing
data/video_OTDqev8aW0A/frames/f_053.jpg	1.00	Sample 02
data/video_OTDqev8aW0A/frames/f_053.jpg	1.00	[Spoken Word: intimate, natural speech, no melody]
data/video_OTDqev8aW0A/frames/f_054.jpg	1.00	02
data/video_OTDqev8aW0A/frames/f_054.jpg	1.00	Prompt
data/video_OTDqev8aW0A/frames/f_054.jpg	1.00	Styles
data/video_OTDqev8aW0A/frames/f_054.jpg	1.00	4-bar Korean
data/video_OTDqev8aW0A/frames/f_054.jpg	1.00	PBR&B Spoken-word
data/video_OTDqev8aW0A/frames/f_054.jpg	1.00	No
data/video_OTDqev8aW0A/frames/f_054.jpg	1.00	melody No singing
data/video_OTDqev8aW0A/frames/f_054.jpg	0.30	HAS 28
data/video_OTDqev8aW0A/frames/f_054.jpg	1.00	[Spoken Word: intimate, natural speech, no
data/video_OTDqev8aW0A/frames/f_054.jpg	1.00	meLody]
data/video_OTDqev8aW0A/frames/f_054.jpg	1.00	Spoken Word
data/video_OTDqev8aW0A/frames/f_054.jpg	1.00	Sample 02
data/video_OTDqev8aW0A/frames/f_055.jpg	1.00	02
data/video_OTDqev8aW0A/frames/f_055.jpg	0.30	лIEIE
data/video_OTDqev8aW0A/frames/f_055.jpg	1.00	Spoken Word
data/video_OTDqev8aW0A/frames/f_055.jpg	1.00	Prompt
data/video_OTDqev8aW0A/frames/f_055.jpg	1.00	Styles
data/video_OTDqev8aW0A/frames/f_055.jpg	1.00	4-bar Korean PBR&B Spoken-word
data/video_OTDqev8aW0A/frames/f_055.jpg	1.00	No melody • No singing
data/video_OTDqev8aW0A/frames/f_055.jpg	0.30	AAS 28
data/video_OTDqev8aW0A/frames/f_055.jpg	1.00	Sample 02
data/video_OTDqev8aW0A/frames/f_055.jpg	0.30	1oondll.oli
data/video_OTDqev8aW0A/frames/f_055.jpg	1.00	[Spoken Word: intimate, natural speech,
data/video_OTDqev8aW0A/frames/f_055.jpg	1.00	no melody]
data/video_OTDqev8aW0A/frames/f_055.jpg	0.50	(601840)....)
data/video_OTDqev8aW0A/frames/f_055.jpg	1.00	1...
data/video_OTDqev8aW0A/frames/f_056.jpg	1.00	02
data/video_OTDqev8aW0A/frames/f_056.jpg	0.30	лIEIE
data/video_OTDqev8aW0A/frames/f_056.jpg	1.00	Spoken Word
data/video_OTDqev8aW0A/frames/f_056.jpg	1.00	Prompt
data/video_OTDqev8aW0A/frames/f_056.jpg	1.00	Styles
data/video_OTDqev8aW0A/frames/f_056.jpg	1.00	4-bar Korean PBR&B Spoken-word
data/video_OTDqev8aW0A/frames/f_056.jpg	1.00	No melody • No singing
data/video_OTDqev8aW0A/frames/f_056.jpg	0.30	DIEHE2
data/video_OTDqev8aW0A/frames/f_056.jpg	1.00	[Spoken Word: intimate, natural
data/video_OTDqev8aW0A/frames/f_056.jpg	1.00	speech,
data/video_OTDqev8aW0A/frames/f_056.jpg	1.00	no
data/video_OTDqev8aW0A/frames/f_056.jpg	1.00	meLody]
data/video_OTDqev8aW0A/frames/f_056.jpg	0.30	WAS BE
data/video_OTDqev8aW0A/frames/f_056.jpg	1.00	Sample 02
data/video_OTDqev8aW0A/frames/f_056.jpg	0.30	..lhlodlon.ol
data/video_OTDqev8aW0A/frames/f_057.jpg	1.00	02
data/video_OTDqev8aW0A/frames/f_057.jpg	0.30	лIEIE
data/video_OTDqev8aW0A/frames/f_057.jpg	1.00	Spoken Word
data/video_OTDqev8aW0A/frames/f_057.jpg	1.00	Prompt
data/video_OTDqev8aW0A/frames/f_057.jpg	1.00	Styles
data/video_OTDqev8aW0A/frames/f_057.jpg	1.00	4-bar Korean PBR&B Spoken-word
data/video_OTDqev8aW0A/frames/f_057.jpg	1.00	No melody • No singing
data/video_OTDqev8aW0A/frames/f_057.jpg	0.30	CEFEH=
data/video_OTDqev8aW0A/frames/f_057.jpg	0.30	44S 2E
data/video_OTDqev8aW0A/frames/f_057.jpg	1.00	Sample 02
data/video_OTDqev8aW0A/frames/f_057.jpg	0.50	..1
data/video_OTDqev8aW0A/frames/f_057.jpg	0.30	42772)
data/video_OTDqev8aW0A/frames/f_057.jpg	0.30	rllnell.
data/video_OTDqev8aW0A/frames/f_057.jpg	1.00	[Spoken Word: intimate, natural speech, no melody]
data/video_OTDqev8aW0A/frames/f_057.jpg	0.30	(608...)
data/video_OTDqev8aW0A/frames/f_058.jpg	1.00	02
data/video_OTDqev8aW0A/frames/f_058.jpg	0.30	лIEIE
data/video_OTDqev8aW0A/frames/f_058.jpg	1.00	• Spoken Word
data/video_OTDqev8aW0A/frames/f_058.jpg	1.00	Prompt
data/video_OTDqev8aW0A/frames/f_058.jpg	1.00	Styles
data/video_OTDqev8aW0A/frames/f_058.jpg	1.00	4-bar Korean PBR&B Spoken-word
data/video_OTDqev8aW0A/frames/f_058.jpg	1.00	No melody • No singing
data/video_OTDqev8aW0A/frames/f_058.jpg	1.00	148 25
data/video_OTDqev8aW0A/frames/f_058.jpg	1.00	Sample 02
data/video_OTDqev8aW0A/frames/f_058.jpg	0.30	brllanili..
data/video_OTDqev8aW0A/frames/f_058.jpg	1.00	[Spoken Word: intimate, natural speech, no melody]
data/video_OTDqev8aW0A/frames/f_059.jpg	1.00	02
data/video_OTDqev8aW0A/frames/f_059.jpg	1.00	Prompt
data/video_OTDqev8aW0A/frames/f_059.jpg	1.00	Styles
data/video_OTDqev8aW0A/frames/f_059.jpg	1.00	4-bar Korean PBR&B Spoken-word
data/video_OTDqev8aW0A/frames/f_059.jpg	1.00	No melody No singing
data/video_OTDqev8aW0A/frames/f_059.jpg	0.30	OE|ER=
data/video_OTDqev8aW0A/frames/f_059.jpg	1.00	[Spoken Word: intimate, natural speech,
data/video_OTDqev8aW0A/frames/f_059.jpg	1.00	no melody]
data/video_OTDqev8aW0A/frames/f_059.jpg	1.00	#48 28
data/video_OTDqev8aW0A/frames/f_059.jpg	1.00	• Spoken Word
data/video_OTDqev8aW0A/frames/f_059.jpg	1.00	Sample 02
data/video_OTDqev8aW0A/frames/f_059.jpg	0.30	..ndll.al
data/video_OTDqev8aW0A/frames/f_059.jpg	0.30	I...l
data/video_OTDqev8aW0A/frames/f_060.jpg	1.00	02
data/video_OTDqev8aW0A/frames/f_060.jpg	0.30	лIEIE
data/video_OTDqev8aW0A/frames/f_060.jpg	1.00	• Spoken Word
data/video_OTDqev8aW0A/frames/f_060.jpg	1.00	Prompt
data/video_OTDqev8aW0A/frames/f_060.jpg	1.00	Styles
data/video_OTDqev8aW0A/frames/f_060.jpg	1.00	4-bar Korean PBR&B Spoken-word
data/video_OTDqev8aW0A/frames/f_060.jpg	1.00	No melody • No singing
data/video_OTDqev8aW0A/frames/f_060.jpg	0.30	DEE•
data/video_OTDqev8aW0A/frames/f_060.jpg	0.30	448 28
data/video_OTDqev8aW0A/frames/f_060.jpg	1.00	Sample 02
data/video_OTDqev8aW0A/frames/f_060.jpg	0.30	..II
data/video_OTDqev8aW0A/frames/f_060.jpg	0.30	10lollmns.dl
data/video_OTDqev8aW0A/frames/f_060.jpg	0.30	42773)
data/video_OTDqev8aW0A/frames/f_060.jpg	1.00	[Spoken Word: intimate, natural speech,
data/video_OTDqev8aW0A/frames/f_060.jpg	1.00	no
data/video_OTDqev8aW0A/frames/f_060.jpg	1.00	melody]
data/video_OTDqev8aW0A/frames/f_061.jpg	1.00	02
data/video_OTDqev8aW0A/frames/f_061.jpg	0.30	лIEIE
data/video_OTDqev8aW0A/frames/f_061.jpg	1.00	Spoken Word
data/video_OTDqev8aW0A/frames/f_061.jpg	1.00	Prompt
data/video_OTDqev8aW0A/frames/f_061.jpg	1.00	Styles
data/video_OTDqev8aW0A/frames/f_061.jpg	1.00	4-bar Korean PBR&B Spoken-word
data/video_OTDqev8aW0A/frames/f_061.jpg	1.00	No melody • No singing
data/video_OTDqev8aW0A/frames/f_061.jpg	0.30	WAS2E
data/video_OTDqev8aW0A/frames/f_061.jpg	1.00	Sample 02
data/video_OTDqev8aW0A/frames/f_061.jpg	0.30	daaılıaeıll..
data/video_OTDqev8aW0A/frames/f_061.jpg	1.00	[Spoken Word: intimate, natural speech, no melody]
data/video_OTDqev8aW0A/frames/f_062.jpg	1.00	02
data/video_OTDqev8aW0A/frames/f_062.jpg	1.00	Prompt
data/video_OTDqev8aW0A/frames/f_062.jpg	1.00	Styles
data/video_OTDqev8aW0A/frames/f_062.jpg	1.00	4-bar Korean PBR&B Spoken-word
data/video_OTDqev8aW0A/frames/f_062.jpg	1.00	No melody • No singing
data/video_OTDqev8aW0A/frames/f_062.jpg	0.30	MA8 215
data/video_OTDqev8aW0A/frames/f_062.jpg	1.00	[Spoken Word: intimate, natural speech, no melody]
data/video_OTDqev8aW0A/frames/f_062.jpg	1.00	Spoken Word
data/video_OTDqev8aW0A/frames/f_062.jpg	1.00	Sample 02
data/video_OTDqev8aW0A/frames/f_062.jpg	0.30	49572)
data/video_OTDqev8aW0A/frames/f_062.jpg	0.30	(20292)
data/video_OTDqev8aW0A/frames/f_063.jpg	1.00	02
data/video_OTDqev8aW0A/frames/f_063.jpg	1.00	• Spoken Word
data/video_OTDqev8aW0A/frames/f_063.jpg	0.30	•R&B 9ER
data/video_OTDqev8aW0A/frames/f_063.jpg	1.00	Prompt
data/video_OTDqev8aW0A/frames/f_063.jpg	1.00	Styles
data/video_OTDqev8aW0A/frames/f_063.jpg	1.00	4-bar Korean PBR&B Spoken-word
data/video_OTDqev8aW0A/frames/f_063.jpg	1.00	No melody • No singing
data/video_OTDqev8aW0A/frames/f_063.jpg	0.50	$48 28
data/video_OTDqev8aW0A/frames/f_063.jpg	1.00	Sample 02
data/video_OTDqev8aW0A/frames/f_063.jpg	1.00	[Spoken Word: intimate, natural speech, no melody]
data/video_OTDqev8aW0A/frames/f_063.jpg	0.50	(81019512...)
data/video_OTDqev8aW0A/frames/f_064.jpg	1.00	02
data/video_OTDqev8aW0A/frames/f_064.jpg	0.30	лIEIE
data/video_OTDqev8aW0A/frames/f_064.jpg	1.00	Spoken Word
data/video_OTDqev8aW0A/frames/f_064.jpg	1.00	• R&B QIE2
data/video_OTDqev8aW0A/frames/f_064.jpg	1.00	Prompt
data/video_OTDqev8aW0A/frames/f_064.jpg	1.00	Styles
data/video_OTDqev8aW0A/frames/f_064.jpg	1.00	4-bar Korean PBR&B Spoken-word
data/video_OTDqev8aW0A/frames/f_064.jpg	1.00	No melody • No singing
data/video_OTDqev8aW0A/frames/f_064.jpg	0.30	OIEHERZ
data/video_OTDqev8aW0A/frames/f_064.jpg	1.00	[Spoken Word: intimate, natural speech,
data/video_OTDqev8aW0A/frames/f_064.jpg	1.00	no melody]
data/video_OTDqev8aW0A/frames/f_064.jpg	0.30	AAS 28
data/video_OTDqev8aW0A/frames/f_064.jpg	1.00	Sample 02
data/video_OTDqev8aW0A/frames/f_064.jpg	0.30	4272)
data/video_OTDqev8aW0A/frames/f_065.jpg	1.00	03-
data/video_OTDqev8aW0A/frames/f_065.jpg	1.00	1550
data/video_OTDqev8aW0A/frames/f_065.jpg	1.00	Monologue
data/video_OTDqev8aW0A/frames/f_065.jpg	1.00	Prompt
data/video_OTDqev8aW0A/frames/f_065.jpg	1.00	Styles
data/video_OTDqev8aW0A/frames/f_065.jpg	1.00	Sparse Rhodes + Soft sub-bass
data/video_OTDqev8aW0A/frames/f_065.jpg	1.00	Single male spoken narration
data/video_OTDqev8aW0A/frames/f_065.jpg	0.30	DIE/E3
data/video_OTDqev8aW0A/frames/f_065.jpg	1.00	[HonoLogue: dramatie cinematic narration, Low restrained
data/video_OTDqev8aW0A/frames/f_065.jpg	1.00	male voice]
data/video_OTDqev8aW0A/frames/f_065.jpg	1.00	Sample 03
data/video_OTDqev8aW0A/frames/f_065.jpg	1.00	CH21
data/video_OTDqev8aW0A/frames/f_066.jpg	1.00	03-
data/video_OTDqev8aW0A/frames/f_066.jpg	1.00	1550
data/video_OTDqev8aW0A/frames/f_066.jpg	1.00	Monologue
data/video_OTDqev8aW0A/frames/f_066.jpg	1.00	Prompt
data/video_OTDqev8aW0A/frames/f_066.jpg	1.00	Styles
data/video_OTDqev8aW0A/frames/f_066.jpg	1.00	Sparse Rhodes + Soft sub-bass
data/video_OTDqev8aW0A/frames/f_066.jpg	1.00	Single male spoken narration
data/video_OTDqev8aW0A/frames/f_066.jpg	0.30	DE|EH2
data/video_OTDqev8aW0A/frames/f_066.jpg	1.00	[Monologue: dramatic cinematic narration, Low restrained
data/video_OTDqev8aW0A/frames/f_066.jpg	1.00	male voice]
data/video_OTDqev8aW0A/frames/f_066.jpg	1.00	Sample 03
data/video_OTDqev8aW0A/frames/f_067.jpg	1.00	03.
data/video_OTDqev8aW0A/frames/f_067.jpg	1.00	Prompt
data/video_OTDqev8aW0A/frames/f_067.jpg	1.00	Styles
data/video_OTDqev8aW0A/frames/f_067.jpg	1.00	Sparse Rhodes + Soft sub-bass
data/video_OTDqev8aW0A/frames/f_067.jpg	1.00	Single male spoken narration
data/video_OTDqev8aW0A/frames/f_067.jpg	0.30	OE|63
data/video_OTDqev8aW0A/frames/f_067.jpg	0.30	A48 29
data/video_OTDqev8aW0A/frames/f_067.jpg	1.00	[Monologue: dramatic cinematic narration, low restrained
data/video_OTDqev8aW0A/frames/f_067.jpg	1.00	male voice]
data/video_OTDqev8aW0A/frames/f_067.jpg	1.00	Monologue
data/video_OTDqev8aW0A/frames/f_067.jpg	1.00	Sample 03
data/video_OTDqev8aW0A/frames/f_067.jpg	0.30	471
data/video_OTDqev8aW0A/frames/f_068.jpg	0.30	039350
data/video_OTDqev8aW0A/frames/f_068.jpg	1.00	Monologue
data/video_OTDqev8aW0A/frames/f_068.jpg	1.00	Prompt
data/video_OTDqev8aW0A/frames/f_068.jpg	1.00	Styles
data/video_OTDqev8aW0A/frames/f_068.jpg	1.00	Sparse Rhodes + Soft sub-bass
data/video_OTDqev8aW0A/frames/f_068.jpg	1.00	Single male spoken narration
data/video_OTDqev8aW0A/frames/f_068.jpg	0.30	DIE|EH2
data/video_OTDqev8aW0A/frames/f_068.jpg	1.00	[Monologue: dramatic cinenatic narration, low restrained
data/video_OTDqev8aW0A/frames/f_068.jpg	1.00	male voice]
data/video_OTDqev8aW0A/frames/f_068.jpg	1.00	Sample 03
data/video_OTDqev8aW0A/frames/f_069.jpg	1.00	03-
data/video_OTDqev8aW0A/frames/f_069.jpg	1.00	Monologue
data/video_OTDqev8aW0A/frames/f_069.jpg	1.00	Prompt
data/video_OTDqev8aW0A/frames/f_069.jpg	1.00	Styles
data/video_OTDqev8aW0A/frames/f_069.jpg	1.00	Sparse Rhodes + Soft sub-bass
data/video_OTDqev8aW0A/frames/f_069.jpg	1.00	Single male spoken narration
data/video_OTDqev8aW0A/frames/f_069.jpg	1.00	Sample 03
data/video_OTDqev8aW0A/frames/f_069.jpg	1.00	[Monologue: dramatic cinematic narration, low restrained
data/video_OTDqev8aW0A/frames/f_069.jpg	1.00	male voice]
data/video_OTDqev8aW0A/frames/f_069.jpg	0.30	dmati cinematic narration aE .
data/video_OTDqev8aW0A/frames/f_070.jpg	1.00	03-
data/video_OTDqev8aW0A/frames/f_070.jpg	1.00	Monologue
data/video_OTDqev8aW0A/frames/f_070.jpg	1.00	Prompt
data/video_OTDqev8aW0A/frames/f_070.jpg	1.00	Styles
data/video_OTDqev8aW0A/frames/f_070.jpg	1.00	Sparse Rhodes + Soft sub-bass
data/video_OTDqev8aW0A/frames/f_070.jpg	1.00	Single male spoken narration
data/video_OTDqev8aW0A/frames/f_070.jpg	1.00	Sample 03
data/video_OTDqev8aW0A/frames/f_070.jpg	1.00	[Monologue: dramatic cinematic narration, low restrained
data/video_OTDqev8aW0A/frames/f_070.jpg	1.00	male voice]
data/video_OTDqev8aW0A/frames/f_070.jpg	0.30	ldmati cinematic narrationoa 0
data/video_OTDqev8aW0A/frames/f_071.jpg	1.00	03-
data/video_OTDqev8aW0A/frames/f_071.jpg	1.00	Prompt
data/video_OTDqev8aW0A/frames/f_071.jpg	1.00	Styles
data/video_OTDqev8aW0A/frames/f_071.jpg	0.30	#48 28
data/video_OTDqev8aW0A/frames/f_071.jpg	1.00	Sparse Rhodes + Soft sub-bass
data/video_OTDqev8aW0A/frames/f_071.jpg	1.00	Single male spoken narration
data/video_OTDqev8aW0A/frames/f_071.jpg	0.30	DE/63
data/video_OTDqev8aW0A/frames/f_071.jpg	1.00	[Monologue: dramatic cinematic narration, low restrained
data/video_OTDqev8aW0A/frames/f_071.jpg	1.00	male voice]
data/video_OTDqev8aW0A/frames/f_071.jpg	1.00	Monologue
data/video_OTDqev8aW0A/frames/f_071.jpg	1.00	Sample 03
data/video_OTDqev8aW0A/frames/f_071.jpg	1.00	421
data/video_OTDqev8aW0A/frames/f_072.jpg	1.00	03-
data/video_OTDqev8aW0A/frames/f_072.jpg	0.30	1551
data/video_OTDqev8aW0A/frames/f_072.jpg	1.00	Monologue
data/video_OTDqev8aW0A/frames/f_072.jpg	1.00	Prompt
data/video_OTDqev8aW0A/frames/f_072.jpg	1.00	Styles
data/video_OTDqev8aW0A/frames/f_072.jpg	0.30	HAS 98
data/video_OTDqev8aW0A/frames/f_072.jpg	1.00	Sparse Rhodes + Soft sub-bass
data/video_OTDqev8aW0A/frames/f_072.jpg	1.00	Single male spoken narration
data/video_OTDqev8aW0A/frames/f_072.jpg	0.30	DуEНEН=
data/video_OTDqev8aW0A/frames/f_072.jpg	1.00	[Monologue: dramatic cinematic narration, Low restrained
data/video_OTDqev8aW0A/frames/f_072.jpg	1.00	male voice]
data/video_OTDqev8aW0A/frames/f_072.jpg	1.00	Sample 03
data/video_OTDqev8aW0A/frames/f_072.jpg	1.00	CH21
data/video_OTDqev8aW0A/frames/f_073.jpg	0.30	03 9350
data/video_OTDqev8aW0A/frames/f_073.jpg	1.00	Monologue
data/video_OTDqev8aW0A/frames/f_073.jpg	0.50	·4888
data/video_OTDqev8aW0A/frames/f_073.jpg	1.00	Prompt
data/video_OTDqev8aW0A/frames/f_073.jpg	1.00	Styles
data/video_OTDqev8aW0A/frames/f_073.jpg	1.00	Sparse Rhodes + Soft sub-bass
data/video_OTDqev8aW0A/frames/f_073.jpg	1.00	Single male spoken narration
data/video_OTDqev8aW0A/frames/f_073.jpg	0.30	CEHEH2
data/video_OTDqev8aW0A/frames/f_073.jpg	1.00	[Monologue: dramatic cinematic narration, low restrained
data/video_OTDqev8aW0A/frames/f_073.jpg	1.00	male voice]
data/video_OTDqev8aW0A/frames/f_073.jpg	1.00	Sample 03
data/video_OTDqev8aW0A/frames/f_073.jpg	0.50	1.
data/video_OTDqev8aW0A/frames/f_073.jpg	0.30	(1222)
data/video_OTDqev8aW0A/frames/f_074.jpg	1.00	03.
data/video_OTDqev8aW0A/frames/f_074.jpg	0.30	9550
data/video_OTDqev8aW0A/frames/f_074.jpg	1.00	Monologue
data/video_OTDqev8aW0A/frames/f_074.jpg	1.00	Prompt
data/video_OTDqev8aW0A/frames/f_074.jpg	1.00	Styles
data/video_OTDqev8aW0A/frames/f_074.jpg	1.00	Sparse Rhodes + Soft sub-bass
data/video_OTDqev8aW0A/frames/f_074.jpg	1.00	Single male spoken narration
data/video_OTDqev8aW0A/frames/f_074.jpg	0.30	CEED
data/video_OTDqev8aW0A/frames/f_074.jpg	1.00	[Monologue: dramatic cinematic narration, low restrained
data/video_OTDqev8aW0A/frames/f_074.jpg	1.00	male voice]
data/video_OTDqev8aW0A/frames/f_074.jpg	1.00	Sample 03
data/video_OTDqev8aW0A/frames/f_074.jpg	1.00	•
data/video_OTDqev8aW0A/frames/f_074.jpg	0.30	.Il1
data/video_OTDqev8aW0A/frames/f_074.jpg	1.00	1
data/video_OTDqev8aW0A/frames/f_075.jpg	1.00	Prompt
data/video_OTDqev8aW0A/frames/f_075.jpg	1.00	Styles
data/video_OTDqev8aW0A/frames/f_075.jpg	1.00	Sparse Rhodes + Soft sub-bass
data/video_OTDqev8aW0A/frames/f_075.jpg	1.00	Single male spoken narration
data/video_OTDqev8aW0A/frames/f_075.jpg	0.30	DIE)E
data/video_OTDqev8aW0A/frames/f_075.jpg	0.30	148 88
data/video_OTDqev8aW0A/frames/f_075.jpg	1.00	[MonoLogue: dramatic cinematic narration, low restrained
data/video_OTDqev8aW0A/frames/f_075.jpg	1.00	male voice]
data/video_OTDqev8aW0A/frames/f_075.jpg	1.00	Monologue
data/video_OTDqev8aW0A/frames/f_075.jpg	1.00	Sample 03
data/video_OTDqev8aW0A/frames/f_076.jpg	1.00	••
data/video_OTDqev8aW0A/frames/f_076.jpg	1.00	03
data/video_OTDqev8aW0A/frames/f_076.jpg	1.00	Monologue
data/video_OTDqev8aW0A/frames/f_076.jpg	1.00	Prompt
data/video_OTDqev8aW0A/frames/f_076.jpg	1.00	Styles
data/video_OTDqev8aW0A/frames/f_076.jpg	1.00	Sparse Rhodes + Soft sub-bass
data/video_OTDqev8aW0A/frames/f_076.jpg	1.00	Single male spoken narration
data/video_OTDqev8aW0A/frames/f_076.jpg	0.30	DEE2
data/video_OTDqev8aW0A/frames/f_076.jpg	1.00	448 28
data/video_OTDqev8aW0A/frames/f_076.jpg	1.00	[Monologue: dramatic cinematic narration, low restrained
data/video_OTDqev8aW0A/frames/f_076.jpg	1.00	male
data/video_OTDqev8aW0A/frames/f_076.jpg	1.00	voice]
data/video_OTDqev8aW0A/frames/f_076.jpg	1.00	Sample 03
data/video_OTDqev8aW0A/frames/f_076.jpg	0.30	dalaadlondcd
data/video_OTDqev8aW0A/frames/f_077.jpg	1.00	• •
data/video_OTDqev8aW0A/frames/f_077.jpg	0.50	03 9350
data/video_OTDqev8aW0A/frames/f_077.jpg	1.00	Monologue
data/video_OTDqev8aW0A/frames/f_077.jpg	1.00	Prompt
data/video_OTDqev8aW0A/frames/f_077.jpg	1.00	Styles
data/video_OTDqev8aW0A/frames/f_077.jpg	0.30	WAS 18
data/video_OTDqev8aW0A/frames/f_077.jpg	1.00	Sparse Rhodes + Soft sub-bass
data/video_OTDqev8aW0A/frames/f_077.jpg	1.00	Single male spoken narration
data/video_OTDqev8aW0A/frames/f_077.jpg	1.00	O¡|E|E|=
data/video_OTDqev8aW0A/frames/f_077.jpg	1.00	[Monologue: dramatic cinematic narration, low restrained
data/video_OTDqev8aW0A/frames/f_077.jpg	1.00	male voice]
data/video_OTDqev8aW0A/frames/f_077.jpg	1.00	Sample 03
data/video_OTDqev8aW0A/frames/f_077.jpg	0.30	1ln...
data/video_OTDqev8aW0A/frames/f_078.jpg	1.00	03
data/video_OTDqev8aW0A/frames/f_078.jpg	0.30	HASIE
data/video_OTDqev8aW0A/frames/f_078.jpg	1.00	Prompt
data/video_OTDqev8aW0A/frames/f_078.jpg	1.00	Styles
data/video_OTDqev8aW0A/frames/f_078.jpg	1.00	Sparse Rhodes + Soft sub-bass
data/video_OTDqev8aW0A/frames/f_078.jpg	1.00	Single male spoken narration
data/video_OTDqev8aW0A/frames/f_078.jpg	0.30	CE|EI2
data/video_OTDqev8aW0A/frames/f_078.jpg	1.00	[Monologue: dramatic cinematic narration, low restrained
data/video_OTDqev8aW0A/frames/f_078.jpg	1.00	male voice]
data/video_OTDqev8aW0A/frames/f_078.jpg	1.00	-
data/video_OTDqev8aW0A/frames/f_078.jpg	1.00	Monologue
data/video_OTDqev8aW0A/frames/f_078.jpg	1.00	Sample 03
data/video_OTDqev8aW0A/frames/f_078.jpg	0.30	...lo.ll.
data/video_OTDqev8aW0A/frames/f_079.jpg	1.00	03
data/video_OTDqev8aW0A/frames/f_079.jpg	1.00	Prompt
data/video_OTDqev8aW0A/frames/f_079.jpg	1.00	Styles
data/video_OTDqev8aW0A/frames/f_079.jpg	1.00	Sparse Rhodes + Soft sub-bass
data/video_OTDqev8aW0A/frames/f_079.jpg	1.00	Single male spoken narration
data/video_OTDqev8aW0A/frames/f_079.jpg	0.30	1148 28
data/video_OTDqev8aW0A/frames/f_079.jpg	1.00	[Monologue: dramatic cinematic narration, Low restrained
data/video_OTDqev8aW0A/frames/f_079.jpg	1.00	male voice]
data/video_OTDqev8aW0A/frames/f_079.jpg	1.00	Monologue
data/video_OTDqev8aW0A/frames/f_079.jpg	1.00	Sample 03
data/video_OTDqev8aW0A/frames/f_079.jpg	0.30	ol.oll..
data/video_OTDqev8aW0A/frames/f_080.jpg	0.30	• ••º
data/video_OTDqev8aW0A/frames/f_080.jpg	0.30	03 935
data/video_OTDqev8aW0A/frames/f_080.jpg	1.00	Monologue
data/video_OTDqev8aW0A/frames/f_080.jpg	1.00	Prompt
data/video_OTDqev8aW0A/frames/f_080.jpg	1.00	Styles
data/video_OTDqev8aW0A/frames/f_080.jpg	1.00	Sparse Rhodes + Soft sub-bass
data/video_OTDqev8aW0A/frames/f_080.jpg	1.00	Single male spoken narration
data/video_OTDqev8aW0A/frames/f_080.jpg	0.30	448 28
data/video_OTDqev8aW0A/frames/f_080.jpg	1.00	Sample 03
data/video_OTDqev8aW0A/frames/f_080.jpg	1.00	[Monologue: dramatic cánematic narration, low restrained
data/video_OTDqev8aW0A/frames/f_080.jpg	1.00	male voice]
data/video_OTDqev8aW0A/frames/f_081.jpg	0.30	03 935
data/video_OTDqev8aW0A/frames/f_081.jpg	1.00	Monologue
data/video_OTDqev8aW0A/frames/f_081.jpg	1.00	Prompt
data/video_OTDqev8aW0A/frames/f_081.jpg	1.00	Styles
data/video_OTDqev8aW0A/frames/f_081.jpg	1.00	Sparse Rhodes + Soft sub-bass
data/video_OTDqev8aW0A/frames/f_081.jpg	1.00	Single male spoken narration
data/video_OTDqev8aW0A/frames/f_081.jpg	0.30	W4835
data/video_OTDqev8aW0A/frames/f_081.jpg	1.00	Sample 03
data/video_OTDqev8aW0A/frames/f_081.jpg	1.00	..1
data/video_OTDqev8aW0A/frames/f_081.jpg	1.00	[Monologue: dramatic cinematic narration, low restrained
data/video_OTDqev8aW0A/frames/f_081.jpg	1.00	male voice]
data/video_OTDqev8aW0A/frames/f_082.jpg	1.00	03 9551
data/video_OTDqev8aW0A/frames/f_082.jpg	1.00	Monologue
data/video_OTDqev8aW0A/frames/f_082.jpg	0.30	WAS20
data/video_OTDqev8aW0A/frames/f_082.jpg	1.00	Prompt
data/video_OTDqev8aW0A/frames/f_082.jpg	1.00	Styles
data/video_OTDqev8aW0A/frames/f_082.jpg	1.00	Sparse Rhodes + Soft sub-bass
data/video_OTDqev8aW0A/frames/f_082.jpg	1.00	Single male spoken narration
data/video_OTDqev8aW0A/frames/f_082.jpg	0.30	DjE|E3
data/video_OTDqev8aW0A/frames/f_082.jpg	1.00	male voice]
data/video_OTDqev8aW0A/frames/f_082.jpg	1.00	[Monologue: dramatic cinematic narration, low restrained
data/video_OTDqev8aW0A/frames/f_082.jpg	1.00	Sample 03
data/video_OTDqev8aW0A/frames/f_082.jpg	0.30	.1..
data/video_OTDqev8aW0A/frames/f_082.jpg	1.00	..l.
data/video_OTDqev8aW0A/frames/f_082.jpg	1.00	..l1..
data/video_OTDqev8aW0A/frames/f_083.jpg	0.50	....
data/video_OTDqev8aW0A/frames/f_083.jpg	0.30	03 9350
data/video_OTDqev8aW0A/frames/f_083.jpg	1.00	Monologue
data/video_OTDqev8aW0A/frames/f_083.jpg	1.00	Prompt
data/video_OTDqev8aW0A/frames/f_083.jpg	1.00	Styles
data/video_OTDqev8aW0A/frames/f_083.jpg	1.00	Sparse Rhodes + Soft sub-bass
data/video_OTDqev8aW0A/frames/f_083.jpg	1.00	Single male spoken narration
data/video_OTDqev8aW0A/frames/f_083.jpg	1.00	D||E|E|2
data/video_OTDqev8aW0A/frames/f_083.jpg	0.30	#48 28
data/video_OTDqev8aW0A/frames/f_083.jpg	1.00	[Monologue: dramatic cinematic narration, low restrained
data/video_OTDqev8aW0A/frames/f_083.jpg	1.00	male voice]
data/video_OTDqev8aW0A/frames/f_083.jpg	1.00	Sample 03
data/video_OTDqev8aW0A/frames/f_083.jpg	0.30	dlaull..
data/video_OTDqev8aW0A/frames/f_084.jpg	1.00	• •
data/video_OTDqev8aW0A/frames/f_084.jpg	0.30	03 9350
data/video_OTDqev8aW0A/frames/f_084.jpg	1.00	Monologue
data/video_OTDqev8aW0A/frames/f_084.jpg	1.00	Prompt
data/video_OTDqev8aW0A/frames/f_084.jpg	1.00	Styles
data/video_OTDqev8aW0A/frames/f_084.jpg	1.00	Sparse Rhodes + Soft sub-bass
data/video_OTDqev8aW0A/frames/f_084.jpg	1.00	Single male spoken narration
data/video_OTDqev8aW0A/frames/f_084.jpg	0.30	WAS 28
data/video_OTDqev8aW0A/frames/f_084.jpg	1.00	Sample 03
data/video_OTDqev8aW0A/frames/f_084.jpg	1.00	[Monologue: dramatic cinematic narration, low restrained
data/video_OTDqev8aW0A/frames/f_084.jpg	1.00	male voice]
data/video_OTDqev8aW0A/frames/f_084.jpg	0.30	(AEE ME 0)
data/video_OTDqev8aW0A/frames/f_085.jpg	0.30	03 9350
data/video_OTDqev8aW0A/frames/f_085.jpg	1.00	Monologue
data/video_OTDqev8aW0A/frames/f_085.jpg	1.00	Prompt
data/video_OTDqev8aW0A/frames/f_085.jpg	1.00	Styles
data/video_OTDqev8aW0A/frames/f_085.jpg	1.00	248 28
data/video_OTDqev8aW0A/frames/f_085.jpg	1.00	Sparse Rhodes + Soft sub-bass
data/video_OTDqev8aW0A/frames/f_085.jpg	1.00	Single male spoken narration
data/video_OTDqev8aW0A/frames/f_085.jpg	0.30	DE|E2
data/video_OTDqev8aW0A/frames/f_085.jpg	1.00	[Monologue: dramatic cinematic narration, Low restrained
data/video_OTDqev8aW0A/frames/f_085.jpg	1.00	male voice]
data/video_OTDqev8aW0A/frames/f_085.jpg	1.00	Sample 03
data/video_OTDqev8aW0A/frames/f_085.jpg	0.30	•lindlmn.dll..
data/video_OTDqev8aW0A/frames/f_086.jpg	1.00	03
data/video_OTDqev8aW0A/frames/f_086.jpg	1.00	Prompt
data/video_OTDqev8aW0A/frames/f_086.jpg	1.00	Styles
data/video_OTDqev8aW0A/frames/f_086.jpg	1.00	Sparse Rhodes + Soft sub-bass
data/video_OTDqev8aW0A/frames/f_086.jpg	1.00	Single male spoken narration
data/video_OTDqev8aW0A/frames/f_086.jpg	0.30	CEED
data/video_OTDqev8aW0A/frames/f_086.jpg	1.00	[Monologue: dramatic cinematic narration, low restrained
data/video_OTDqev8aW0A/frames/f_086.jpg	1.00	male voice]
data/video_OTDqev8aW0A/frames/f_086.jpg	1.00	Monologue
data/video_OTDqev8aW0A/frames/f_086.jpg	1.00	Sample 03
data/video_OTDqev8aW0A/frames/f_086.jpg	0.30	.0••
data/video_OTDqev8aW0A/frames/f_086.jpg	0.30	.1.
data/video_OTDqev8aW0A/frames/f_087.jpg	0.30	• • ••
data/video_OTDqev8aW0A/frames/f_087.jpg	0.30	03 9350
data/video_OTDqev8aW0A/frames/f_087.jpg	1.00	Monologue
data/video_OTDqev8aW0A/frames/f_087.jpg	1.00	Prompt
data/video_OTDqev8aW0A/frames/f_087.jpg	1.00	Styles
data/video_OTDqev8aW0A/frames/f_087.jpg	0.30	34S1E
data/video_OTDqev8aW0A/frames/f_087.jpg	1.00	Sparse Rhodes + Soft sub-bass
data/video_OTDqev8aW0A/frames/f_087.jpg	1.00	Single male spoken narration
data/video_OTDqev8aW0A/frames/f_087.jpg	0.30	OE|E3
data/video_OTDqev8aW0A/frames/f_087.jpg	1.00	[Monologue: dramatic cinenatic narration, low restrained
data/video_OTDqev8aW0A/frames/f_087.jpg	1.00	male voice]
data/video_OTDqev8aW0A/frames/f_087.jpg	1.00	Sample 03
data/video_OTDqev8aW0A/frames/f_088.jpg	1.00	03
data/video_OTDqev8aW0A/frames/f_088.jpg	1.00	Prompt
data/video_OTDqev8aW0A/frames/f_088.jpg	1.00	Styles
data/video_OTDqev8aW0A/frames/f_088.jpg	1.00	Sparse Rhodes + Soft sub-bass
data/video_OTDqev8aW0A/frames/f_088.jpg	1.00	Single male spoken narration
data/video_OTDqev8aW0A/frames/f_088.jpg	0.30	OE|E]
data/video_OTDqev8aW0A/frames/f_088.jpg	1.00	[MonoLogue: dramatic cinematic narration, low restrained
data/video_OTDqev8aW0A/frames/f_088.jpg	1.00	male voicel
data/video_OTDqev8aW0A/frames/f_088.jpg	1.00	Monologue
data/video_OTDqev8aW0A/frames/f_088.jpg	1.00	Sample 03
data/video_OTDqev8aW0A/frames/f_089.jpg	1.00	03
data/video_OTDqev8aW0A/frames/f_089.jpg	0.30	9350
data/video_OTDqev8aW0A/frames/f_089.jpg	1.00	Monologue
data/video_OTDqev8aW0A/frames/f_089.jpg	1.00	Prompt
data/video_OTDqev8aW0A/frames/f_089.jpg	1.00	Styles
data/video_OTDqev8aW0A/frames/f_089.jpg	1.00	Sparse Rhodes + Soft sub-bass
data/video_OTDqev8aW0A/frames/f_089.jpg	1.00	Single male spoken narration
data/video_OTDqev8aW0A/frames/f_089.jpg	0.30	M4S 28
data/video_OTDqev8aW0A/frames/f_089.jpg	1.00	Sample 03
data/video_OTDqev8aW0A/frames/f_089.jpg	1.00	[Monologue: dramatic cinematic narration, low restrained
data/video_OTDqev8aW0A/frames/f_089.jpg	1.00	male voice]
data/video_OTDqev8aW0A/frames/f_090.jpg	0.30	...
data/video_OTDqev8aW0A/frames/f_090.jpg	1.00	04
data/video_OTDqev8aW0A/frames/f_091.jpg	1.00	Prompt
data/video_OTDqev8aW0A/frames/f_091.jpg	1.00	Styles
data/video_OTDqev8aW0A/frames/f_091.jpg	1.00	Minimal dark PBR&B
data/video_OTDqev8aW0A/frames/f_091.jpg	1.00	One intimate female performance
data/video_OTDqev8aW0A/frames/f_091.jpg	1.00	[Spoken Word, crying but trying to hide it]
data/video_OTDqev8aW0A/frames/f_091.jpg	1.00	[Spoken Word, restrained anger]
data/video_OTDqev8aW0A/frames/f_091.jpg	1.00	[Mocking laughter, hurt underneath]
data/video_OTDqev8aW0A/frames/f_091.jpg	0.30	14828
data/video_OTDqev8aW0A/frames/f_091.jpg	1.00	Emotional Acting
data/video_OTDqev8aW0A/frames/f_091.jpg	1.00	Sample 04
data/video_OTDqev8aW0A/frames/f_091.jpg	0.30	(2x2E(...)
data/video_OTDqev8aW0A/frames/f_091.jpg	0.30	(На.. L8 Ш0С.)
data/video_OTDqev8aW0A/frames/f_092.jpg	1.00	Prompt
data/video_OTDqev8aW0A/frames/f_092.jpg	1.00	Styles
data/video_OTDqev8aW0A/frames/f_092.jpg	1.00	Minimal dark PBR&B
data/video_OTDqev8aW0A/frames/f_092.jpg	1.00	One intimate female performance
data/video_OTDqev8aW0A/frames/f_092.jpg	1.00	[Spoken Word, crying but trying to hide it]
data/video_OTDqev8aW0A/frames/f_092.jpg	1.00	[Spoken Word, restrained anger]
data/video_OTDqev8aW0A/frames/f_092.jpg	1.00	[Mocking laughter, hurt underneath]
data/video_OTDqev8aW0A/frames/f_092.jpg	0.30	HAS 28
data/video_OTDqev8aW0A/frames/f_092.jpg	1.00	Emotional Acting
data/video_OTDqev8aW0A/frames/f_092.jpg	1.00	Sample 04
data/video_OTDqev8aW0A/frames/f_093.jpg	1.00	Prompt
data/video_OTDqev8aW0A/frames/f_093.jpg	1.00	Styles
data/video_OTDqev8aW0A/frames/f_093.jpg	1.00	Minimal dark PBR&B
data/video_OTDqev8aW0A/frames/f_093.jpg	1.00	One intimate female performance
data/video_OTDqev8aW0A/frames/f_093.jpg	1.00	[Spoken Word, crying but trying to hide it]
data/video_OTDqev8aW0A/frames/f_093.jpg	1.00	[Spoken Word, restrained anger]
data/video_OTDqev8aW0A/frames/f_093.jpg	1.00	[Mocking laughter, hurt underneath]
data/video_OTDqev8aW0A/frames/f_093.jpg	1.00	Emotional Acting
data/video_OTDqev8aW0A/frames/f_093.jpg	1.00	Sample 04
data/video_OTDqev8aW0A/frames/f_093.jpg	1.00	•
data/video_OTDqev8aW0A/frames/f_093.jpg	0.30	(2/M2=5..)
data/video_OTDqev8aW0A/frames/f_093.jpg	0.50	(Ha.. L # Eloct.)
data/video_OTDqev8aW0A/frames/f_094.jpg	1.00	Prompt
data/video_OTDqev8aW0A/frames/f_094.jpg	1.00	Styles
data/video_OTDqev8aW0A/frames/f_094.jpg	1.00	Minimal dark PBR&B
data/video_OTDqev8aW0A/frames/f_094.jpg	1.00	One intimate female performance
data/video_OTDqev8aW0A/frames/f_094.jpg	0.30	ОEННЗ
data/video_OTDqev8aW0A/frames/f_094.jpg	1.00	[Spoken Word, crying but trying to hide it]
data/video_OTDqev8aW0A/frames/f_094.jpg	1.00	[Spoken Word, restrained anger]
data/video_OTDqev8aW0A/frames/f_094.jpg	1.00	[Mocking Laughter, hurt underneath]
data/video_OTDqev8aW0A/frames/f_094.jpg	1.00	Emotional Acting
data/video_OTDqev8aW0A/frames/f_094.jpg	1.00	Sample 04
data/video_OTDqev8aW0A/frames/f_094.jpg	0.30	Ha..40)
data/video_OTDqev8aW0A/frames/f_094.jpg	0.30	CE21
data/video_OTDqev8aW0A/frames/f_095.jpg	1.00	Prompt
data/video_OTDqev8aW0A/frames/f_095.jpg	1.00	Styles
data/video_OTDqev8aW0A/frames/f_095.jpg	1.00	Minimal dark PBR&B
data/video_OTDqev8aW0A/frames/f_095.jpg	1.00	One intimate female performance
data/video_OTDqev8aW0A/frames/f_095.jpg	0.30	OE|EH3
data/video_OTDqev8aW0A/frames/f_095.jpg	1.00	[Spoken Word, crying but trying to hide it]
data/video_OTDqev8aW0A/frames/f_095.jpg	1.00	[Spoken Word, restrained anger]
data/video_OTDqev8aW0A/frames/f_095.jpg	1.00	[Mocking Laughter, hurt underneath]
data/video_OTDqev8aW0A/frames/f_095.jpg	1.00	Emotional Acting
data/video_OTDqev8aW0A/frames/f_095.jpg	1.00	Sample 04
data/video_OTDqev8aW0A/frames/f_095.jpg	0.30	(2m0=)
data/video_OTDqev8aW0A/frames/f_095.jpg	0.50	(Ha... L # Eocł.)
data/video_OTDqev8aW0A/frames/f_095.jpg	1.00	CH21
data/video_OTDqev8aW0A/frames/f_096.jpg	1.00	Prompt
data/video_OTDqev8aW0A/frames/f_096.jpg	1.00	Styles
data/video_OTDqev8aW0A/frames/f_096.jpg	1.00	Minimal dark PBR&B
data/video_OTDqev8aW0A/frames/f_096.jpg	1.00	One intimate female performance
data/video_OTDqev8aW0A/frames/f_096.jpg	0.30	DE/E2
data/video_OTDqev8aW0A/frames/f_096.jpg	1.00	[Spoken Word, crying but trying to hide it]
data/video_OTDqev8aW0A/frames/f_096.jpg	1.00	[Spoken Word, restrained anger]
data/video_OTDqev8aW0A/frames/f_096.jpg	1.00	[Mocking laughter, hurt underneath]
data/video_OTDqev8aW0A/frames/f_096.jpg	0.30	WA8 218
data/video_OTDqev8aW0A/frames/f_096.jpg	1.00	Emotional Acting
data/video_OTDqev8aW0A/frames/f_096.jpg	1.00	Sample 04
data/video_OTDqev8aW0A/frames/f_096.jpg	0.30	(2M4=(..)
data/video_OTDqev8aW0A/frames/f_096.jpg	0.50	(На... 4# #*Ct.)
data/video_OTDqev8aW0A/frames/f_096.jpg	0.30	(821
data/video_OTDqev8aW0A/frames/f_097.jpg	1.00	Prompt
data/video_OTDqev8aW0A/frames/f_097.jpg	1.00	Styles
data/video_OTDqev8aW0A/frames/f_097.jpg	1.00	Minimal dark PBR&B
data/video_OTDqev8aW0A/frames/f_097.jpg	1.00	One intimate female performance
data/video_OTDqev8aW0A/frames/f_097.jpg	1.00	[Spoken Word, crying but trying to hide it]
data/video_OTDqev8aW0A/frames/f_097.jpg	1.00	[Spoken Word, restrained anger]
data/video_OTDqev8aW0A/frames/f_097.jpg	1.00	[Mocking laughter, hurt underneath]
data/video_OTDqev8aW0A/frames/f_097.jpg	1.00	Emotional Acting
data/video_OTDqev8aW0A/frames/f_097.jpg	1.00	Sample 04
data/video_OTDqev8aW0A/frames/f_097.jpg	0.50	(Ha.. 4# #0Cl.)
data/video_OTDqev8aW0A/frames/f_098.jpg	1.00	Prompt
data/video_OTDqev8aW0A/frames/f_098.jpg	1.00	Styles
data/video_OTDqev8aW0A/frames/f_098.jpg	1.00	Minimal dark PBR&B
data/video_OTDqev8aW0A/frames/f_098.jpg	1.00	One intimate female performance
data/video_OTDqev8aW0A/frames/f_098.jpg	1.00	[Spoken Word, cryáng but trying to hide it]
data/video_OTDqev8aW0A/frames/f_098.jpg	1.00	[Spoken Word, restrained anger]
data/video_OTDqev8aW0A/frames/f_098.jpg	1.00	[Mocking laughter, hurt underneath]
data/video_OTDqev8aW0A/frames/f_098.jpg	0.30	WAS BE
data/video_OTDqev8aW0A/frames/f_098.jpg	1.00	Emotional Acting
data/video_OTDqev8aW0A/frames/f_098.jpg	1.00	Sample 04
data/video_OTDqev8aW0A/frames/f_098.jpg	0.30	...li..ill
data/video_OTDqev8aW0A/frames/f_098.jpg	0.30	20=.)
data/video_OTDqev8aW0A/frames/f_098.jpg	1.00	(Ha... 4 # Höct.)
data/video_OTDqev8aW0A/frames/f_099.jpg	1.00	04
data/video_OTDqev8aW0A/frames/f_099.jpg	1.00	Emotional Acting
data/video_OTDqev8aW0A/frames/f_099.jpg	1.00	Prompt
data/video_OTDqev8aW0A/frames/f_099.jpg	1.00	Styles
data/video_OTDqev8aW0A/frames/f_099.jpg	1.00	Minimal dark PBR&B
data/video_OTDqev8aW0A/frames/f_099.jpg	1.00	One intimate female performance
data/video_OTDqev8aW0A/frames/f_099.jpg	0.30	DIE|EZ
data/video_OTDqev8aW0A/frames/f_099.jpg	1.00	[Spoken Word, crying but trying to hide it]
data/video_OTDqev8aW0A/frames/f_099.jpg	1.00	[Spoken Word, restrained anger]
data/video_OTDqev8aW0A/frames/f_099.jpg	1.00	[Mocking Laughter, hurt underneath]
data/video_OTDqev8aW0A/frames/f_099.jpg	1.00	Sample 04
data/video_OTDqev8aW0A/frames/f_099.jpg	0.30	.dill.ll..
data/video_OTDqev8aW0A/frames/f_099.jpg	0.30	(2XXEC)..)
data/video_OTDqev8aW0A/frames/f_100.jpg	1.00	Prompt
data/video_OTDqev8aW0A/frames/f_100.jpg	1.00	Styles
data/video_OTDqev8aW0A/frames/f_100.jpg	1.00	Minimal dark PBR&B
data/video_OTDqev8aW0A/frames/f_100.jpg	1.00	One intimate female performance
data/video_OTDqev8aW0A/frames/f_100.jpg	0.30	OEHEA
data/video_OTDqev8aW0A/frames/f_100.jpg	1.00	[Spoken Word, crying but trying to hide it]
data/video_OTDqev8aW0A/frames/f_100.jpg	1.00	[Spoken Word, restrained anger)
data/video_OTDqev8aW0A/frames/f_100.jpg	1.00	[Mocking laughter, hurt underneath]
data/video_OTDqev8aW0A/frames/f_100.jpg	1.00	Emotional Acting
data/video_OTDqev8aW0A/frames/f_100.jpg	0.30	14815
data/video_OTDqev8aW0A/frames/f_100.jpg	1.00	Sample 04
data/video_OTDqev8aW0A/frames/f_100.jpg	0.50	(На... L # #0ct.)
data/video_OTDqev8aW0A/frames/f_101.jpg	1.00	Prompt
data/video_OTDqev8aW0A/frames/f_101.jpg	1.00	Styles
data/video_OTDqev8aW0A/frames/f_101.jpg	1.00	Minimal dark PBR&B
data/video_OTDqev8aW0A/frames/f_101.jpg	1.00	One intimate female performance
data/video_OTDqev8aW0A/frames/f_101.jpg	1.00	[Spoken Word, crying but trying to hide it]
data/video_OTDqev8aW0A/frames/f_101.jpg	1.00	[Spoken Word, restrained anger]
data/video_OTDqev8aW0A/frames/f_101.jpg	1.00	[Mocking laughter, hurt underneath]
data/video_OTDqev8aW0A/frames/f_101.jpg	0.30	#AS 2E
data/video_OTDqev8aW0A/frames/f_101.jpg	1.00	Emotional Acting
data/video_OTDqev8aW0A/frames/f_101.jpg	1.00	Sample 04
data/video_OTDqev8aW0A/frames/f_101.jpg	1.00	1. .
data/video_OTDqev8aW0A/frames/f_101.jpg	0.30	udlnoooll
data/video_OTDqev8aW0A/frames/f_101.jpg	0.50	(На... L # #oCl.)
data/video_OTDqev8aW0A/frames/f_102.jpg	1.00	Prompt
data/video_OTDqev8aW0A/frames/f_102.jpg	1.00	Styles
data/video_OTDqev8aW0A/frames/f_102.jpg	1.00	Minimal dark PBR&B
data/video_OTDqev8aW0A/frames/f_102.jpg	1.00	One intimate female performance
data/video_OTDqev8aW0A/frames/f_102.jpg	0.30	D(E)El2
data/video_OTDqev8aW0A/frames/f_102.jpg	1.00	[Spoken Word, crying but trying to hide it]
data/video_OTDqev8aW0A/frames/f_102.jpg	1.00	[Spoken Word, restrained anger]
data/video_OTDqev8aW0A/frames/f_102.jpg	1.00	[Mocking laughter, hurt underneath]
data/video_OTDqev8aW0A/frames/f_102.jpg	1.00	Emotional Acting
data/video_OTDqev8aW0A/frames/f_102.jpg	1.00	Sample 04
data/video_OTDqev8aW0A/frames/f_102.jpg	0.30	...l.dli.
data/video_OTDqev8aW0A/frames/f_102.jpg	0.30	(На..L #0C.)
data/video_OTDqev8aW0A/frames/f_103.jpg	1.00	Prompt
data/video_OTDqev8aW0A/frames/f_103.jpg	1.00	Styles
data/video_OTDqev8aW0A/frames/f_103.jpg	1.00	Minimal dark PBR&B
data/video_OTDqev8aW0A/frames/f_103.jpg	1.00	One intimate female performance
data/video_OTDqev8aW0A/frames/f_103.jpg	0.30	HEHRZ
data/video_OTDqev8aW0A/frames/f_103.jpg	1.00	[Spoken Word, crying but trying to hide itl
data/video_OTDqev8aW0A/frames/f_103.jpg	1.00	[Spoken Word, restrained anger]
data/video_OTDqev8aW0A/frames/f_103.jpg	1.00	[Mocking laughter, hurt underneath]
data/video_OTDqev8aW0A/frames/f_103.jpg	0.30	148 22
data/video_OTDqev8aW0A/frames/f_103.jpg	1.00	Emotional Acting
data/video_OTDqev8aW0A/frames/f_103.jpg	1.00	Sample 04
data/video_OTDqev8aW0A/frames/f_103.jpg	0.30	lll..,
data/video_OTDqev8aW0A/frames/f_103.jpg	0.30	(2MNE)
data/video_OTDqev8aW0A/frames/f_103.jpg	0.30	(На.. 48 Шос.)
data/video_OTDqev8aW0A/frames/f_104.jpg	1.00	04'
data/video_OTDqev8aW0A/frames/f_104.jpg	1.00	Emotional Acting
data/video_OTDqev8aW0A/frames/f_104.jpg	1.00	Prompt
data/video_OTDqev8aW0A/frames/f_104.jpg	1.00	Styles
data/video_OTDqev8aW0A/frames/f_104.jpg	1.00	Minimal dark PBR&B
data/video_OTDqev8aW0A/frames/f_104.jpg	1.00	One intimate female performance
data/video_OTDqev8aW0A/frames/f_104.jpg	0.30	DE|E2
data/video_OTDqev8aW0A/frames/f_104.jpg	1.00	[Spoken Word, crying but trying to hide it]
data/video_OTDqev8aW0A/frames/f_104.jpg	1.00	[Spoken Word, restrained anger]
data/video_OTDqev8aW0A/frames/f_104.jpg	1.00	[Mocking laughter, hurt underneath]
data/video_OTDqev8aW0A/frames/f_104.jpg	0.30	W48 28
data/video_OTDqev8aW0A/frames/f_104.jpg	1.00	Sample 04
data/video_OTDqev8aW0A/frames/f_104.jpg	0.50	(Ha.. 4g #C.)
data/video_OTDqev8aW0A/frames/f_105.jpg	1.00	Prompt
data/video_OTDqev8aW0A/frames/f_105.jpg	1.00	Styles
data/video_OTDqev8aW0A/frames/f_105.jpg	1.00	Minimal dark PBR&B
data/video_OTDqev8aW0A/frames/f_105.jpg	1.00	One intimate female performance
data/video_OTDqev8aW0A/frames/f_105.jpg	1.00	[Spoken Word, crying but trying to hide it]
data/video_OTDqev8aW0A/frames/f_105.jpg	1.00	[Spoken Word, restrained anger]
data/video_OTDqev8aW0A/frames/f_105.jpg	1.00	[Mocking laughter, hurt underneath]
data/video_OTDqev8aW0A/frames/f_105.jpg	0.30	••°
data/video_OTDqev8aW0A/frames/f_105.jpg	0.30	• • •
data/video_OTDqev8aW0A/frames/f_105.jpg	1.00	Emotional Acting
data/video_OTDqev8aW0A/frames/f_105.jpg	0.30	A4S 2E
data/video_OTDqev8aW0A/frames/f_105.jpg	1.00	Sample 04
data/video_OTDqev8aW0A/frames/f_105.jpg	0.30	.lindin.oll.
data/video_OTDqev8aW0A/frames/f_105.jpg	0.30	(2102)
data/video_OTDqev8aW0A/frames/f_106.jpg	0.30	••°
data/video_OTDqev8aW0A/frames/f_106.jpg	0.30	...
data/video_OTDqev8aW0A/frames/f_106.jpg	1.00	04 '
data/video_OTDqev8aW0A/frames/f_106.jpg	1.00	Emotional Acting
data/video_OTDqev8aW0A/frames/f_106.jpg	1.00	Prompt
data/video_OTDqev8aW0A/frames/f_106.jpg	1.00	Styles
data/video_OTDqev8aW0A/frames/f_106.jpg	1.00	Minimal dark PBR&B
data/video_OTDqev8aW0A/frames/f_106.jpg	1.00	One intimate female performance
data/video_OTDqev8aW0A/frames/f_106.jpg	0.30	#48 28
data/video_OTDqev8aW0A/frames/f_106.jpg	1.00	Sample 04
data/video_OTDqev8aW0A/frames/f_106.jpg	0.30	1....l.....H...
data/video_OTDqev8aW0A/frames/f_106.jpg	1.00	[spoken Word, crying but trying to hide it]
data/video_OTDqev8aW0A/frames/f_106.jpg	1.00	[Spoken Word, restrained anger]
data/video_OTDqev8aW0A/frames/f_106.jpg	1.00	[Mocking Laughter, hurt underneath]
data/video_OTDqev8aW0A/frames/f_106.jpg	0.30	(На..4# ШоС.)
data/video_OTDqev8aW0A/frames/f_107.jpg	1.00	Prompt
data/video_OTDqev8aW0A/frames/f_107.jpg	1.00	Styles
data/video_OTDqev8aW0A/frames/f_107.jpg	1.00	Minimal dark PBR&B
data/video_OTDqev8aW0A/frames/f_107.jpg	1.00	One intimate female performance
data/video_OTDqev8aW0A/frames/f_107.jpg	1.00	[Spoken Word, crying but trying to hide it]
data/video_OTDqev8aW0A/frames/f_107.jpg	1.00	[Spoken Word, restrained anger]
data/video_OTDqev8aW0A/frames/f_107.jpg	1.00	[Mocking laughter, hurt underneath]
data/video_OTDqev8aW0A/frames/f_107.jpg	0.30	AALS 2E
data/video_OTDqev8aW0A/frames/f_107.jpg	1.00	Emotional Acting
data/video_OTDqev8aW0A/frames/f_107.jpg	1.00	Sample 04
data/video_OTDqev8aW0A/frames/f_107.jpg	0.30	.hnli.n
data/video_OTDqev8aW0A/frames/f_107.jpg	0.30	(2/9..)
data/video_OTDqev8aW0A/frames/f_108.jpg	1.00	Prompt
data/video_OTDqev8aW0A/frames/f_108.jpg	1.00	Styles
data/video_OTDqev8aW0A/frames/f_108.jpg	1.00	Minimal dark PBR&B
data/video_OTDqev8aW0A/frames/f_108.jpg	1.00	One intimate female performance
data/video_OTDqev8aW0A/frames/f_108.jpg	1.00	[Spoken Word, crying but trying to hide it]
data/video_OTDqev8aW0A/frames/f_108.jpg	1.00	[Spoken word, restrained anger]
data/video_OTDqev8aW0A/frames/f_108.jpg	1.00	[Mocking laughter, hurt underneath]
data/video_OTDqev8aW0A/frames/f_108.jpg	1.00	W48 218
data/video_OTDqev8aW0A/frames/f_108.jpg	1.00	Emotional Acting
data/video_OTDqev8aW0A/frames/f_108.jpg	1.00	Sample 04
data/video_OTDqev8aW0A/frames/f_108.jpg	0.30	..oll.dllll.,llI
data/video_OTDqev8aW0A/frames/f_108.jpg	0.30	(2/12E.)
data/video_OTDqev8aW0A/frames/f_109.jpg	1.00	04
data/video_OTDqev8aW0A/frames/f_109.jpg	1.00	Prompt
data/video_OTDqev8aW0A/frames/f_109.jpg	1.00	Styles
data/video_OTDqev8aW0A/frames/f_109.jpg	1.00	Minimal dark PBR&B
data/video_OTDqev8aW0A/frames/f_109.jpg	1.00	One intimate female performance
data/video_OTDqev8aW0A/frames/f_109.jpg	1.00	[Spoken Word, crying but trying to hide it]
data/video_OTDqev8aW0A/frames/f_109.jpg	1.00	[Spoken Word, restrained anger]
data/video_OTDqev8aW0A/frames/f_109.jpg	1.00	[Mocking laughter, hurt underneath]
data/video_OTDqev8aW0A/frames/f_109.jpg	0.30	...
data/video_OTDqev8aW0A/frames/f_109.jpg	1.00	Emotional Acting
data/video_OTDqev8aW0A/frames/f_109.jpg	1.00	Sample 04
data/video_OTDqev8aW0A/frames/f_109.jpg	0.30	dlhllmn.dln
data/video_OTDqev8aW0A/frames/f_109.jpg	0.30	(2M0=E)
data/video_OTDqev8aW0A/frames/f_109.jpg	0.30	(Нa...49 2öc.)
data/video_OTDqev8aW0A/frames/f_110.jpg	1.00	Prompt
data/video_OTDqev8aW0A/frames/f_110.jpg	1.00	Styles
data/video_OTDqev8aW0A/frames/f_110.jpg	1.00	Minimal dark PBR&B
data/video_OTDqev8aW0A/frames/f_110.jpg	1.00	One intimate female performance
data/video_OTDqev8aW0A/frames/f_110.jpg	1.00	[Spoken Word, crying but trying to hide it]
data/video_OTDqev8aW0A/frames/f_110.jpg	1.00	[Spoken Word, restrained anger]
data/video_OTDqev8aW0A/frames/f_110.jpg	1.00	[Mocking Laughter, hurt underneath]
data/video_OTDqev8aW0A/frames/f_110.jpg	1.00	Emotional Acting
data/video_OTDqev8aW0A/frames/f_110.jpg	0.30	WAS 28
data/video_OTDqev8aW0A/frames/f_110.jpg	1.00	Sample 04
data/video_OTDqev8aW0A/frames/f_110.jpg	0.30	(1a.O42)
data/video_OTDqev8aW0A/frames/f_111.jpg	1.00	04'
data/video_OTDqev8aW0A/frames/f_111.jpg	1.00	Prompt
data/video_OTDqev8aW0A/frames/f_111.jpg	1.00	Styles
data/video_OTDqev8aW0A/frames/f_111.jpg	1.00	Minimal dark PBR&B
data/video_OTDqev8aW0A/frames/f_111.jpg	1.00	One intimate female performance
data/video_OTDqev8aW0A/frames/f_111.jpg	0.30	HAS 28
data/video_OTDqev8aW0A/frames/f_111.jpg	1.00	[Spoken Word, crying but trying to hide it]
data/video_OTDqev8aW0A/frames/f_111.jpg	1.00	[Spoken Word, restrained anger]
data/video_OTDqev8aW0A/frames/f_111.jpg	1.00	[Mocking Laughter, hurt underneath]
data/video_OTDqev8aW0A/frames/f_111.jpg	1.00	Emotional Acting
data/video_OTDqev8aW0A/frames/f_111.jpg	1.00	Sample 04
data/video_OTDqev8aW0A/frames/f_111.jpg	0.30	(2IX=E...)
data/video_OTDqev8aW0A/frames/f_111.jpg	0.30	(На.O. 42 Д0)
data/video_OTDqev8aW0A/frames/f_112.jpg	1.00	04
data/video_OTDqev8aW0A/frames/f_112.jpg	1.00	Prompt
data/video_OTDqev8aW0A/frames/f_112.jpg	1.00	Hininal dark PBRGB
data/video_OTDqev8aW0A/frames/f_112.jpg	1.00	One intinate female performance
data/video_OTDqev8aW0A/frames/f_112.jpg	1.00	Tspakom Mund crysng but tayang bo hade icl
data/video_OTDqev8aW0A/frames/f_112.jpg	0.30	TSpoken Maed, restzatned ang]
data/video_OTDqev8aW0A/frames/f_112.jpg	1.00	Enoching laugicor, mune unaerneatnd)
data/video_OTDqev8aW0A/frames/f_112.jpg	0.30	....
data/video_OTDqev8aW0A/frames/f_112.jpg	1.00	Emotional Acting
data/video_OTDqev8aW0A/frames/f_112.jpg	0.30	• EaOL BE
data/video_OTDqev8aW0A/frames/f_112.jpg	1.00	Sample 04
data/video_OTDqev8aW0A/frames/f_112.jpg	0.30	127501)
data/video_OTDqev8aW0A/frames/f_112.jpg	0.30	(2m9=t.)
data/video_OTDqev8aW0A/frames/f_112.jpg	0.30	(20 2 5 2aall2)
data/video_OTDqev8aW0A/frames/f_112.jpg	0.30	(На 2РЕ КЧН2?)
data/video_OTDqev8aW0A/frames/f_112.jpg	0.30	(На.42 1с)
data/video_OTDqev8aW0A/frames/f_113.jpg	1.00	Prompt
data/video_OTDqev8aW0A/frames/f_113.jpg	1.00	Styles
data/video_OTDqev8aW0A/frames/f_113.jpg	1.00	Deep Male Baritone + Airy Female Alto
data/video_OTDqev8aW0A/frames/f_113.jpg	1.00	No voice swapping • No third vocalist
data/video_OTDqev8aW0A/frames/f_113.jpg	0.30	DjE/E2
data/video_OTDqev8aW0A/frames/f_113.jpg	1.00	[Verse 1 - Deep Male Baritone Solo]
data/video_OTDqev8aW0A/frames/f_113.jpg	1.00	[Verse 2 - Airy Female Alto Solo]
data/video_OTDqev8aW0A/frames/f_113.jpg	1.00	[Chorus - Both Singing Together]
data/video_OTDqev8aW0A/frames/f_113.jpg	0.30	...
data/video_OTDqev8aW0A/frames/f_113.jpg	1.00	05
data/video_OTDqev8aW0A/frames/f_113.jpg	1.00	Duet
data/video_OTDqev8aW0A/frames/f_113.jpg	1.00	Sample 05
data/video_OTDqev8aW0A/frames/f_113.jpg	0.30	C21
data/video_OTDqev8aW0A/frames/f_114.jpg	1.00	Prompt
data/video_OTDqev8aW0A/frames/f_114.jpg	1.00	Styles
data/video_OTDqev8aW0A/frames/f_114.jpg	1.00	Deep Male Baritone + Airy Female Alto
data/video_OTDqev8aW0A/frames/f_114.jpg	1.00	No voice swapping • No third vocalist
data/video_OTDqev8aW0A/frames/f_114.jpg	1.00	[Verse 1 - Deep Male Baritone Solo]
data/video_OTDqev8aW0A/frames/f_114.jpg	1.00	[Verse 2 - Airy Female Alto Solo]
data/video_OTDqev8aW0A/frames/f_114.jpg	1.00	[Chorus - Both Singing Together]
data/video_OTDqev8aW0A/frames/f_114.jpg	0.30	•••.
data/video_OTDqev8aW0A/frames/f_114.jpg	1.00	05
data/video_OTDqev8aW0A/frames/f_114.jpg	1.00	Duet
data/video_OTDqev8aW0A/frames/f_114.jpg	0.30	#48 28
data/video_OTDqev8aW0A/frames/f_114.jpg	1.00	Sample 05
data/video_OTDqev8aW0A/frames/f_115.jpg	1.00	05
data/video_OTDqev8aW0A/frames/f_115.jpg	1.00	Duet
data/video_OTDqev8aW0A/frames/f_115.jpg	0.30	44825
data/video_OTDqev8aW0A/frames/f_115.jpg	1.00	Prompt
data/video_OTDqev8aW0A/frames/f_115.jpg	1.00	Styles
data/video_OTDqev8aW0A/frames/f_115.jpg	1.00	Deep Male Baritone + Airy Female Alto
data/video_OTDqev8aW0A/frames/f_115.jpg	1.00	No voice swapping • No third vocalist
data/video_OTDqev8aW0A/frames/f_115.jpg	1.00	D|E|E 2
data/video_OTDqev8aW0A/frames/f_115.jpg	1.00	[Verse 1 - Deep Male Baritone Solo]
data/video_OTDqev8aW0A/frames/f_115.jpg	1.00	[Verse 2 - Airy Female Alto
data/video_OTDqev8aW0A/frames/f_115.jpg	1.00	Solo]
data/video_OTDqev8aW0A/frames/f_115.jpg	1.00	[Chorus - Both Singing Together]
data/video_OTDqev8aW0A/frames/f_115.jpg	1.00	Sample 05
data/video_OTDqev8aW0A/frames/f_115.jpg	1.00	CH21
data/video_OTDqev8aW0A/frames/f_116.jpg	1.00	05
data/video_OTDqev8aW0A/frames/f_116.jpg	1.00	Duet
data/video_OTDqev8aW0A/frames/f_116.jpg	1.00	Prompt
data/video_OTDqev8aW0A/frames/f_116.jpg	1.00	Styles
data/video_OTDqev8aW0A/frames/f_116.jpg	1.00	Deep Male Baritone + Airy Female Alto
data/video_OTDqev8aW0A/frames/f_116.jpg	1.00	No voice swapping • No third vocalist
data/video_OTDqev8aW0A/frames/f_116.jpg	0.30	OE|E2
data/video_OTDqev8aW0A/frames/f_116.jpg	1.00	[Verse 1 - Deep Male Baritone Solo]
data/video_OTDqev8aW0A/frames/f_116.jpg	1.00	[Verse 2 - Airy Female Alto Solo]
data/video_OTDqev8aW0A/frames/f_116.jpg	1.00	[Chorus - Both Singing Together]
data/video_OTDqev8aW0A/frames/f_116.jpg	1.00	Sample 05
data/video_OTDqev8aW0A/frames/f_117.jpg	1.00	05
data/video_OTDqev8aW0A/frames/f_117.jpg	1.00	Duet
data/video_OTDqev8aW0A/frames/f_117.jpg	1.00	Prompt
data/video_OTDqev8aW0A/frames/f_117.jpg	1.00	Styles
data/video_OTDqev8aW0A/frames/f_117.jpg	1.00	Deep Male Baritone + Airy Female Alto
data/video_OTDqev8aW0A/frames/f_117.jpg	1.00	No voice swapping • No third vocalist
data/video_OTDqev8aW0A/frames/f_117.jpg	1.00	Sample 05
data/video_OTDqev8aW0A/frames/f_117.jpg	1.00	[Verse 1 - Deep Male Baritone Solo]
data/video_OTDqev8aW0A/frames/f_117.jpg	1.00	EVerse 2 - Airy Female Alto Solo]
data/video_OTDqev8aW0A/frames/f_117.jpg	1.00	[Chorus - Both Singing Together]
data/video_OTDqev8aW0A/frames/f_118.jpg	1.00	Prompt
data/video_OTDqev8aW0A/frames/f_118.jpg	1.00	Styles
data/video_OTDqev8aW0A/frames/f_118.jpg	1.00	Deep Male Baritone + Airy Female Alto
data/video_OTDqev8aW0A/frames/f_118.jpg	1.00	No voice swapping • No third vocalist
data/video_OTDqev8aW0A/frames/f_118.jpg	0.30	O|E|E2
data/video_OTDqev8aW0A/frames/f_118.jpg	1.00	[Verse 1 - Deep Male Baritone Solo]
data/video_OTDqev8aW0A/frames/f_118.jpg	1.00	[Verse 2 - Airy Female Alto Solo]
data/video_OTDqev8aW0A/frames/f_118.jpg	1.00	[Chorus - Both Singing Together]
data/video_OTDqev8aW0A/frames/f_118.jpg	0.30	••••
data/video_OTDqev8aW0A/frames/f_118.jpg	1.00	05
data/video_OTDqev8aW0A/frames/f_118.jpg	1.00	Duet
data/video_OTDqev8aW0A/frames/f_118.jpg	0.30	AA8 28
data/video_OTDqev8aW0A/frames/f_118.jpg	1.00	Sample 05
data/video_OTDqev8aW0A/frames/f_119.jpg	1.00	05
data/video_OTDqev8aW0A/frames/f_119.jpg	1.00	Prompt
data/video_OTDqev8aW0A/frames/f_119.jpg	1.00	Styles
data/video_OTDqev8aW0A/frames/f_119.jpg	1.00	Deep Male Baritone + Airy Female Alto
data/video_OTDqev8aW0A/frames/f_119.jpg	1.00	No voice swapping • No third vocalist
data/video_OTDqev8aW0A/frames/f_119.jpg	0.30	148 28
data/video_OTDqev8aW0A/frames/f_119.jpg	1.00	[Verse 1 - Deep Male Baritone Solo]
data/video_OTDqev8aW0A/frames/f_119.jpg	1.00	[Verse 2 - Airy Female Alto Solo]
data/video_OTDqev8aW0A/frames/f_119.jpg	1.00	[Chorus - Both Singing Together]
data/video_OTDqev8aW0A/frames/f_119.jpg	1.00	Duet
data/video_OTDqev8aW0A/frames/f_119.jpg	1.00	Sample 05
data/video_OTDqev8aW0A/frames/f_120.jpg	1.00	Prompt
data/video_OTDqev8aW0A/frames/f_120.jpg	1.00	Styles
data/video_OTDqev8aW0A/frames/f_120.jpg	1.00	Deep Male Baritone + Airy Female Alto
data/video_OTDqev8aW0A/frames/f_120.jpg	1.00	No voice swapping• No third vocalist
data/video_OTDqev8aW0A/frames/f_120.jpg	0.30	OE|E2
data/video_OTDqev8aW0A/frames/f_120.jpg	1.00	[Verse 1 - Deep Male Baritone Solo]
data/video_OTDqev8aW0A/frames/f_120.jpg	1.00	[Verse 2 - Airy Female Alto Solo]
data/video_OTDqev8aW0A/frames/f_120.jpg	1.00	[Chorus - Both Singing Together]
data/video_OTDqev8aW0A/frames/f_120.jpg	0.30	...
data/video_OTDqev8aW0A/frames/f_120.jpg	1.00	05
data/video_OTDqev8aW0A/frames/f_120.jpg	1.00	Duet
data/video_OTDqev8aW0A/frames/f_120.jpg	0.30	MA8 28
data/video_OTDqev8aW0A/frames/f_120.jpg	1.00	Sample 05
data/video_OTDqev8aW0A/frames/f_120.jpg	0.30	ohool.mol..
data/video_OTDqev8aW0A/frames/f_121.jpg	1.00	Prompt
data/video_OTDqev8aW0A/frames/f_121.jpg	1.00	Styles
data/video_OTDqev8aW0A/frames/f_121.jpg	1.00	Deep Male Baritone + Airy Female Alto
data/video_OTDqev8aW0A/frames/f_121.jpg	1.00	No voice swapping • No third vocalist
data/video_OTDqev8aW0A/frames/f_121.jpg	1.00	[Verse 1 - Deep Male Baritone Solol
data/video_OTDqev8aW0A/frames/f_121.jpg	1.00	[Verse 2 - Airy Female Alto Solo]
data/video_OTDqev8aW0A/frames/f_121.jpg	1.00	[Chorus - Both Singing Together]
data/video_OTDqev8aW0A/frames/f_121.jpg	0.30	...
data/video_OTDqev8aW0A/frames/f_121.jpg	1.00	05
data/video_OTDqev8aW0A/frames/f_121.jpg	1.00	Duet
data/video_OTDqev8aW0A/frames/f_121.jpg	1.00	Sample 05
data/video_OTDqev8aW0A/frames/f_121.jpg	1.00	11
data/video_OTDqev8aW0A/frames/f_121.jpg	0.30	1u..l
data/video_OTDqev8aW0A/frames/f_121.jpg	1.00	Verse 1• Yy $z
data/video_OTDqev8aW0A/frames/f_122.jpg	1.00	05
data/video_OTDqev8aW0A/frames/f_122.jpg	1.00	Prompt
data/video_OTDqev8aW0A/frames/f_122.jpg	1.00	Styles
data/video_OTDqev8aW0A/frames/f_122.jpg	1.00	Deep Male Baritone + Airy Female Alto
data/video_OTDqev8aW0A/frames/f_122.jpg	1.00	No voice swapping • No third vocalist
data/video_OTDqev8aW0A/frames/f_122.jpg	0.30	OEED
data/video_OTDqev8aW0A/frames/f_122.jpg	1.00	[Verse 1 - Deep Male Baritone Solo]
data/video_OTDqev8aW0A/frames/f_122.jpg	1.00	[Verse 2 - Airy Female Alto Solo]
data/video_OTDqev8aW0A/frames/f_122.jpg	1.00	[Chorus - Both Singing Together]
data/video_OTDqev8aW0A/frames/f_122.jpg	0.30	W48 28
data/video_OTDqev8aW0A/frames/f_122.jpg	1.00	Duet
data/video_OTDqev8aW0A/frames/f_122.jpg	1.00	Sample 05
data/video_OTDqev8aW0A/frames/f_122.jpg	0.30	..•
data/video_OTDqev8aW0A/frames/f_122.jpg	0.30	Verse 1•8883
data/video_OTDqev8aW0A/frames/f_123.jpg	1.00	Prompt
data/video_OTDqev8aW0A/frames/f_123.jpg	1.00	Styles
data/video_OTDqev8aW0A/frames/f_123.jpg	1.00	Deep Male Baritone + Airy Female Alto
data/video_OTDqev8aW0A/frames/f_123.jpg	1.00	No voice swapping • No third vocalist
data/video_OTDqev8aW0A/frames/f_123.jpg	1.00	[Verse 1 - Deep Male Baritone Solo]
data/video_OTDqev8aW0A/frames/f_123.jpg	1.00	[Verse 2 - Airy Female Alto Solo]
data/video_OTDqev8aW0A/frames/f_123.jpg	1.00	[Chorus - Both Singing Together]
data/video_OTDqev8aW0A/frames/f_123.jpg	0.30	...
data/video_OTDqev8aW0A/frames/f_123.jpg	1.00	05
data/video_OTDqev8aW0A/frames/f_123.jpg	1.00	Duet
data/video_OTDqev8aW0A/frames/f_123.jpg	0.30	448 28
data/video_OTDqev8aW0A/frames/f_123.jpg	1.00	Sample 05
data/video_OTDqev8aW0A/frames/f_123.jpg	0.30	Verse 1•E
data/video_OTDqev8aW0A/frames/f_123.jpg	0.30	.hi.nll..
data/video_OTDqev8aW0A/frames/f_124.jpg	1.00	05
data/video_OTDqev8aW0A/frames/f_124.jpg	0.30	W48 218
data/video_OTDqev8aW0A/frames/f_124.jpg	1.00	Prompt
data/video_OTDqev8aW0A/frames/f_124.jpg	1.00	Styles
data/video_OTDqev8aW0A/frames/f_124.jpg	1.00	Deep Male Baritone + Airy Female Alto
data/video_OTDqev8aW0A/frames/f_124.jpg	1.00	No voice swapping - No third vocalist
data/video_OTDqev8aW0A/frames/f_124.jpg	1.00	[Verse 1 - Deep Male Baritone Solo]
data/video_OTDqev8aW0A/frames/f_124.jpg	1.00	[Verse 2 - Airy Female Alto Solo]
data/video_OTDqev8aW0A/frames/f_124.jpg	1.00	[Chorus - Both Singing Together]
data/video_OTDqev8aW0A/frames/f_124.jpg	1.00	Duet
data/video_OTDqev8aW0A/frames/f_124.jpg	1.00	Sample 05
data/video_OTDqev8aW0A/frames/f_124.jpg	0.50	11
data/video_OTDqev8aW0A/frames/f_124.jpg	0.30	Verse 1• a e
data/video_OTDqev8aW0A/frames/f_125.jpg	1.00	05
data/video_OTDqev8aW0A/frames/f_125.jpg	1.00	Prompt
data/video_OTDqev8aW0A/frames/f_125.jpg	1.00	Styles
data/video_OTDqev8aW0A/frames/f_125.jpg	1.00	Deep Male Baritone + Airy Female Alto
data/video_OTDqev8aW0A/frames/f_125.jpg	1.00	No voice swapping - No third vocalist
data/video_OTDqev8aW0A/frames/f_125.jpg	0.30	DE|E2
data/video_OTDqev8aW0A/frames/f_125.jpg	1.00	[Verse 1 - Deep Male Baritone Solo]
data/video_OTDqev8aW0A/frames/f_125.jpg	1.00	[Verse 2 - Airy Female Alto Solo]
data/video_OTDqev8aW0A/frames/f_125.jpg	1.00	[Chorus - Both Singing Together]
data/video_OTDqev8aW0A/frames/f_125.jpg	0.30	SASBE
data/video_OTDqev8aW0A/frames/f_125.jpg	1.00	Duet
data/video_OTDqev8aW0A/frames/f_125.jpg	1.00	Sample 05
data/video_OTDqev8aW0A/frames/f_125.jpg	0.30	Verse 1• az
data/video_OTDqev8aW0A/frames/f_125.jpg	0.30	1.lihdin.oll
data/video_OTDqev8aW0A/frames/f_126.jpg	1.00	Prompt
data/video_OTDqev8aW0A/frames/f_126.jpg	1.00	Styles
data/video_OTDqev8aW0A/frames/f_126.jpg	1.00	Deep Male Baritone + Airy Female Alto
data/video_OTDqev8aW0A/frames/f_126.jpg	1.00	No voice swapping • No third vocalist
data/video_OTDqev8aW0A/frames/f_126.jpg	0.30	DgE|]
data/video_OTDqev8aW0A/frames/f_126.jpg	1.00	[Verse 1 - Deep Male Baritone Solo]
data/video_OTDqev8aW0A/frames/f_126.jpg	1.00	[Verse 2 - Airy Female Alto Solo]
data/video_OTDqev8aW0A/frames/f_126.jpg	1.00	[Chorus - Both Singing Together]
data/video_OTDqev8aW0A/frames/f_126.jpg	0.30	...
data/video_OTDqev8aW0A/frames/f_126.jpg	1.00	05
data/video_OTDqev8aW0A/frames/f_126.jpg	1.00	Duet
data/video_OTDqev8aW0A/frames/f_126.jpg	0.30	448 8E
data/video_OTDqev8aW0A/frames/f_126.jpg	1.00	Sample 05
data/video_OTDqev8aW0A/frames/f_126.jpg	0.30	Hl.olI
data/video_OTDqev8aW0A/frames/f_127.jpg	1.00	Prompt
data/video_OTDqev8aW0A/frames/f_127.jpg	1.00	Styles
data/video_OTDqev8aW0A/frames/f_127.jpg	1.00	Deep Male Baritone + Airy Female Alto
data/video_OTDqev8aW0A/frames/f_127.jpg	1.00	No voice swapping • No third vocalist
data/video_OTDqev8aW0A/frames/f_127.jpg	1.00	[Verse 1 - Deep Male Baritone Solo]
data/video_OTDqev8aW0A/frames/f_127.jpg	1.00	[Verse 2 - Airy Female Alto Solo]
data/video_OTDqev8aW0A/frames/f_127.jpg	1.00	[Chorus - Both Singing Together]
data/video_OTDqev8aW0A/frames/f_127.jpg	0.30	...
data/video_OTDqev8aW0A/frames/f_127.jpg	1.00	05
data/video_OTDqev8aW0A/frames/f_127.jpg	1.00	Duet
data/video_OTDqev8aW0A/frames/f_127.jpg	0.30	S4S2E
data/video_OTDqev8aW0A/frames/f_127.jpg	1.00	Sample 05
data/video_OTDqev8aW0A/frames/f_127.jpg	0.30	H..
data/video_OTDqev8aW0A/frames/f_127.jpg	0.30	Verse 1• 82
data/video_OTDqev8aW0A/frames/f_127.jpg	0.30	..lI...
data/video_OTDqev8aW0A/frames/f_127.jpg	0.30	.1..1
data/video_OTDqev8aW0A/frames/f_128.jpg	1.00	05
data/video_OTDqev8aW0A/frames/f_128.jpg	1.00	Duet
data/video_OTDqev8aW0A/frames/f_128.jpg	1.00	H418 215
data/video_OTDqev8aW0A/frames/f_128.jpg	1.00	Prompt
data/video_OTDqev8aW0A/frames/f_128.jpg	1.00	Styles
data/video_OTDqev8aW0A/frames/f_128.jpg	1.00	Deep Male Baritone + Airy Female Alto
data/video_OTDqev8aW0A/frames/f_128.jpg	1.00	No voice swapping • No third vocalist
data/video_OTDqev8aW0A/frames/f_128.jpg	0.30	OIE|E=
data/video_OTDqev8aW0A/frames/f_128.jpg	1.00	[Verse 1 - Deep Male Baritone Solo]
data/video_OTDqev8aW0A/frames/f_128.jpg	1.00	[Verse 2 - Airy Female Alto Solo]
data/video_OTDqev8aW0A/frames/f_128.jpg	1.00	[Chorus - Both Singing Together]
data/video_OTDqev8aW0A/frames/f_128.jpg	1.00	Sample 05
data/video_OTDqev8aW0A/frames/f_128.jpg	0.30	..dl.ololl
data/video_OTDqev8aW0A/frames/f_128.jpg	0.30	Vere 1443
data/video_OTDqev8aW0A/frames/f_128.jpg	0.30	•l1
data/video_OTDqev8aW0A/frames/f_129.jpg	1.00	05
data/video_OTDqev8aW0A/frames/f_129.jpg	1.00	Prompt
data/video_OTDqev8aW0A/frames/f_129.jpg	1.00	Styles
data/video_OTDqev8aW0A/frames/f_129.jpg	1.00	Deep Male Baritone + Airy Female Alto
data/video_OTDqev8aW0A/frames/f_129.jpg	1.00	No voice swapping • No third vocalist
data/video_OTDqev8aW0A/frames/f_129.jpg	0.30	SAS 28
data/video_OTDqev8aW0A/frames/f_129.jpg	1.00	[Verse 1 - Deep Male Baritone Solol
data/video_OTDqev8aW0A/frames/f_129.jpg	1.00	[Verse 2 - Airy Female Alto Solo]
data/video_OTDqev8aW0A/frames/f_129.jpg	1.00	[Chorus - Both Singing Together]
data/video_OTDqev8aW0A/frames/f_129.jpg	1.00	Duet
data/video_OTDqev8aW0A/frames/f_129.jpg	1.00	Sample 05
data/video_OTDqev8aW0A/frames/f_129.jpg	0.30	Verse1•98!
data/video_OTDqev8aW0A/frames/f_129.jpg	0.30	luli.llin..dli.
data/video_OTDqev8aW0A/frames/f_130.jpg	1.00	05
data/video_OTDqev8aW0A/frames/f_130.jpg	1.00	Prompt
data/video_OTDqev8aW0A/frames/f_130.jpg	1.00	Styles
data/video_OTDqev8aW0A/frames/f_130.jpg	1.00	Deep Male Baritone + Airy Female Alto
data/video_OTDqev8aW0A/frames/f_130.jpg	1.00	No voice swapping • No third vocalist
data/video_OTDqev8aW0A/frames/f_130.jpg	0.30	HAS BE
data/video_OTDqev8aW0A/frames/f_130.jpg	1.00	[Verse 1 - Deep Male Baritone Solo]
data/video_OTDqev8aW0A/frames/f_130.jpg	1.00	Everse 2 - Airy Female Alto Solol
data/video_OTDqev8aW0A/frames/f_130.jpg	1.00	[Chorus - Both Singing Together]
data/video_OTDqev8aW0A/frames/f_130.jpg	1.00	Duet
data/video_OTDqev8aW0A/frames/f_130.jpg	1.00	Sample 05
data/video_OTDqev8aW0A/frames/f_130.jpg	0.30	1undln.oll...
data/video_OTDqev8aW0A/frames/f_131.jpg	1.00	05
data/video_OTDqev8aW0A/frames/f_131.jpg	1.00	Duet
data/video_OTDqev8aW0A/frames/f_131.jpg	1.00	Prompt
data/video_OTDqev8aW0A/frames/f_131.jpg	1.00	Styles
data/video_OTDqev8aW0A/frames/f_131.jpg	1.00	Deep Male Baritone + Airy Female Alto
data/video_OTDqev8aW0A/frames/f_131.jpg	1.00	No voice swapping • No third vocalist
data/video_OTDqev8aW0A/frames/f_131.jpg	0.30	DIE/EN2
data/video_OTDqev8aW0A/frames/f_131.jpg	1.00	[Verse 1 - Deep Male Baritone Solo]
data/video_OTDqev8aW0A/frames/f_131.jpg	1.00	[Verse 2 - Airy Female Alto Solo]
data/video_OTDqev8aW0A/frames/f_131.jpg	1.00	[Chorus - Both Singing Together]
data/video_OTDqev8aW0A/frames/f_131.jpg	1.00	Sample 05
data/video_OTDqev8aW0A/frames/f_131.jpg	1.00	•
data/video_OTDqev8aW0A/frames/f_131.jpg	1.00	1.....
data/video_OTDqev8aW0A/frames/f_131.jpg	0.50	.llI..
data/video_OTDqev8aW0A/frames/f_132.jpg	1.00	05
data/video_OTDqev8aW0A/frames/f_132.jpg	1.00	Prompt
data/video_OTDqev8aW0A/frames/f_132.jpg	1.00	Styles
data/video_OTDqev8aW0A/frames/f_132.jpg	1.00	Deep Male Baritone + Airy Female Alto
data/video_OTDqev8aW0A/frames/f_132.jpg	1.00	No voice swapping - No third vocalist
data/video_OTDqev8aW0A/frames/f_132.jpg	0.30	448 28
data/video_OTDqev8aW0A/frames/f_132.jpg	1.00	[Verse 1 - Deep Male Baritone Solo]
data/video_OTDqev8aW0A/frames/f_132.jpg	1.00	[Verse 2 - Airy Female Alto Solo]
data/video_OTDqev8aW0A/frames/f_132.jpg	1.00	[Chorus - Both Singing Together]
data/video_OTDqev8aW0A/frames/f_132.jpg	1.00	Duet
data/video_OTDqev8aW0A/frames/f_132.jpg	1.00	Sample 05
data/video_OTDqev8aW0A/frames/f_132.jpg	0.30	Verse 2 • 0883
data/video_OTDqev8aW0A/frames/f_133.jpg	1.00	05
data/video_OTDqev8aW0A/frames/f_133.jpg	1.00	Duet
data/video_OTDqev8aW0A/frames/f_133.jpg	1.00	Prompt
data/video_OTDqev8aW0A/frames/f_133.jpg	1.00	Styles
data/video_OTDqev8aW0A/frames/f_133.jpg	1.00	Deep Male Baritone + Airy Female Alto
data/video_OTDqev8aW0A/frames/f_133.jpg	1.00	No voice swapping • No third vocalist
data/video_OTDqev8aW0A/frames/f_133.jpg	1.00	Sample 05
data/video_OTDqev8aW0A/frames/f_133.jpg	0.30	Verse 2•083
data/video_OTDqev8aW0A/frames/f_133.jpg	0.30	•l11l.
data/video_OTDqev8aW0A/frames/f_133.jpg	0.30	.llol.Hm
data/video_OTDqev8aW0A/frames/f_133.jpg	1.00	[Verse 1 - Deep Male Baritone Solo]
data/video_OTDqev8aW0A/frames/f_133.jpg	1.00	[Verse 2 - Airy Female Alto Solo]
data/video_OTDqev8aW0A/frames/f_133.jpg	1.00	[Chorus - Both Singing Together]
data/video_OTDqev8aW0A/frames/f_134.jpg	1.00	Prompt
data/video_OTDqev8aW0A/frames/f_134.jpg	1.00	Styles
data/video_OTDqev8aW0A/frames/f_134.jpg	1.00	Deep Male Baritone + Airy Female Alto
data/video_OTDqev8aW0A/frames/f_134.jpg	1.00	No voice swapping • No third vocalist
data/video_OTDqev8aW0A/frames/f_134.jpg	0.30	OEHENDZ
data/video_OTDqev8aW0A/frames/f_134.jpg	1.00	[Verse 1 - Deep Male Baritone Solo]
data/video_OTDqev8aW0A/frames/f_134.jpg	1.00	[Verse 2 - Airy Female Alto Solo]
data/video_OTDqev8aW0A/frames/f_134.jpg	1.00	[Chorus - Both Singing Together]
data/video_OTDqev8aW0A/frames/f_134.jpg	0.30	...
data/video_OTDqev8aW0A/frames/f_134.jpg	1.00	05
data/video_OTDqev8aW0A/frames/f_134.jpg	1.00	Duet
data/video_OTDqev8aW0A/frames/f_134.jpg	0.30	44825
data/video_OTDqev8aW0A/frames/f_134.jpg	1.00	Sample 05
data/video_OTDqev8aW0A/frames/f_134.jpg	0.30	Verse2-01582
data/video_OTDqev8aW0A/frames/f_134.jpg	0.30	dhanli....
data/video_OTDqev8aW0A/frames/f_135.jpg	1.00	05
data/video_OTDqev8aW0A/frames/f_135.jpg	1.00	Prompt
data/video_OTDqev8aW0A/frames/f_135.jpg	1.00	Styles
data/video_OTDqev8aW0A/frames/f_135.jpg	1.00	Deep Male Baritone + Airy Female Alto
data/video_OTDqev8aW0A/frames/f_135.jpg	1.00	No voice swapping • No third vocalist
data/video_OTDqev8aW0A/frames/f_135.jpg	0.30	O(EHEEE
data/video_OTDqev8aW0A/frames/f_135.jpg	1.00	[Verse 1 - Deep Male Baritone Solo]
data/video_OTDqev8aW0A/frames/f_135.jpg	1.00	[Verse 2 - Airy Female Alto Solo]
data/video_OTDqev8aW0A/frames/f_135.jpg	1.00	[Chorus - Both Singing Together]
data/video_OTDqev8aW0A/frames/f_135.jpg	0.30	44825
data/video_OTDqev8aW0A/frames/f_135.jpg	1.00	Duet
data/video_OTDqev8aW0A/frames/f_135.jpg	1.00	Sample 05
data/video_OTDqev8aW0A/frames/f_135.jpg	0.30	...•
data/video_OTDqev8aW0A/frames/f_135.jpg	1.00	•
data/video_OTDqev8aW0A/frames/f_135.jpg	0.50	Verse 2 • 018 43
data/video_OTDqev8aW0A/frames/f_136.jpg	1.00	05
data/video_OTDqev8aW0A/frames/f_136.jpg	1.00	Duet
data/video_OTDqev8aW0A/frames/f_136.jpg	0.30	248 22
data/video_OTDqev8aW0A/frames/f_136.jpg	1.00	Prompt
data/video_OTDqev8aW0A/frames/f_136.jpg	1.00	Styles
data/video_OTDqev8aW0A/frames/f_136.jpg	1.00	Deep Male Baritone + Airy Female Alto
data/video_OTDqev8aW0A/frames/f_136.jpg	1.00	No voice swapping • No third vocalist
data/video_OTDqev8aW0A/frames/f_136.jpg	0.30	OIEFERZ
data/video_OTDqev8aW0A/frames/f_136.jpg	1.00	[Verse 1 - Deep Male Baritone Solo]
data/video_OTDqev8aW0A/frames/f_136.jpg	1.00	[Verse 2 - Airy Female Alto Solo]
data/video_OTDqev8aW0A/frames/f_136.jpg	1.00	[Chorus - Both Singing Together]
data/video_OTDqev8aW0A/frames/f_136.jpg	1.00	Sample 05
data/video_OTDqev8aW0A/frames/f_136.jpg	0.50	Verse 2 • 018 *5
data/video_OTDqev8aW0A/frames/f_136.jpg	0.30	llaadlldloll
data/video_OTDqev8aW0A/frames/f_137.jpg	1.00	05
data/video_OTDqev8aW0A/frames/f_137.jpg	1.00	Duet
data/video_OTDqev8aW0A/frames/f_137.jpg	1.00	Prompt
data/video_OTDqev8aW0A/frames/f_137.jpg	1.00	Styles
data/video_OTDqev8aW0A/frames/f_137.jpg	1.00	Deep Male Baritone + Airy Female Alto
data/video_OTDqev8aW0A/frames/f_137.jpg	1.00	No voice swapping • No third vocalist
data/video_OTDqev8aW0A/frames/f_137.jpg	1.00	Sample 05
data/video_OTDqev8aW0A/frames/f_137.jpg	0.30	Verse 2• Da3
data/video_OTDqev8aW0A/frames/f_137.jpg	0.30	lolloabolm.
data/video_OTDqev8aW0A/frames/f_137.jpg	1.00	[Verse 1 - Deep Male Baritone Solo]
data/video_OTDqev8aW0A/frames/f_137.jpg	1.00	[Verse 2 - Airy Female Alto Solo]
data/video_OTDqev8aW0A/frames/f_137.jpg	1.00	[Chorus - Both Singing Together]
data/video_OTDqev8aW0A/frames/f_138.jpg	1.00	05
data/video_OTDqev8aW0A/frames/f_138.jpg	1.00	Duet
data/video_OTDqev8aW0A/frames/f_138.jpg	1.00	Prompt
data/video_OTDqev8aW0A/frames/f_138.jpg	1.00	Styles
data/video_OTDqev8aW0A/frames/f_138.jpg	1.00	Deep Male Baritone + Airy Female Alto
data/video_OTDqev8aW0A/frames/f_138.jpg	1.00	No voice swapping • No third vocalist
data/video_OTDqev8aW0A/frames/f_138.jpg	0.30	CEED
data/video_OTDqev8aW0A/frames/f_138.jpg	1.00	[Verse 1 - Deep Male Baritone Solo]
data/video_OTDqev8aW0A/frames/f_138.jpg	1.00	[Verse 2 - Airy Female Alto Solo]
data/video_OTDqev8aW0A/frames/f_138.jpg	1.00	[Chorus - Both Singing Together]
data/video_OTDqev8aW0A/frames/f_138.jpg	1.00	Sample 05
data/video_OTDqev8aW0A/frames/f_138.jpg	0.30	I1..
data/video_OTDqev8aW0A/frames/f_138.jpg	0.30	Ho..dli...i
data/video_OTDqev8aW0A/frames/f_139.jpg	1.00	Prompt
data/video_OTDqev8aW0A/frames/f_139.jpg	1.00	Styles
data/video_OTDqev8aW0A/frames/f_139.jpg	1.00	Deep Male Baritone + Airy Female Alto
data/video_OTDqev8aW0A/frames/f_139.jpg	1.00	No voice swapping • No third vocalist
data/video_OTDqev8aW0A/frames/f_139.jpg	0.30	OEНEKE
data/video_OTDqev8aW0A/frames/f_139.jpg	1.00	[Verse 1 - Deep Male Baritone Solo]
data/video_OTDqev8aW0A/frames/f_139.jpg	1.00	[Verse 2 - Airy Fenale Alto Solo]
data/video_OTDqev8aW0A/frames/f_139.jpg	1.00	[Chorus - Both Singing Together]
data/video_OTDqev8aW0A/frames/f_139.jpg	1.00	...
data/video_OTDqev8aW0A/frames/f_139.jpg	1.00	05
data/video_OTDqev8aW0A/frames/f_139.jpg	1.00	Duet
data/video_OTDqev8aW0A/frames/f_139.jpg	0.30	448 22
data/video_OTDqev8aW0A/frames/f_139.jpg	1.00	Sample 05
data/video_OTDqev8aW0A/frames/f_139.jpg	0.30	Verse 2•0142
data/video_OTDqev8aW0A/frames/f_139.jpg	0.30	..nll
data/video_OTDqev8aW0A/frames/f_140.jpg	1.00	Prompt
data/video_OTDqev8aW0A/frames/f_140.jpg	1.00	Styles
data/video_OTDqev8aW0A/frames/f_140.jpg	1.00	Deep Male Baritone + Airy Female Alto
data/video_OTDqev8aW0A/frames/f_140.jpg	1.00	No voice swapping • No third vocalist
data/video_OTDqev8aW0A/frames/f_140.jpg	1.00	[Verse 1 - Deep Male Baritone Solo]
data/video_OTDqev8aW0A/frames/f_140.jpg	1.00	[Verse 2 - Airy Female Alto Solo]
data/video_OTDqev8aW0A/frames/f_140.jpg	1.00	[Chorus - Both Singing Together]
data/video_OTDqev8aW0A/frames/f_140.jpg	0.50	...
data/video_OTDqev8aW0A/frames/f_140.jpg	1.00	05
data/video_OTDqev8aW0A/frames/f_140.jpg	1.00	Duet
data/video_OTDqev8aW0A/frames/f_140.jpg	0.30	WAS 28
data/video_OTDqev8aW0A/frames/f_140.jpg	1.00	Sample 05
data/video_OTDqev8aW0A/frames/f_140.jpg	0.30	Verse 2•04g
data/video_OTDqev8aW0A/frames/f_141.jpg	1.00	Prompt
data/video_OTDqev8aW0A/frames/f_141.jpg	1.00	Styles
data/video_OTDqev8aW0A/frames/f_141.jpg	1.00	Deep Male Baritone + Airy Female Alto
data/video_OTDqev8aW0A/frames/f_141.jpg	1.00	No voice swapping • No third vocalist
data/video_OTDqev8aW0A/frames/f_141.jpg	0.30	CHEНEZ
data/video_OTDqev8aW0A/frames/f_141.jpg	1.00	[Verse 1 - Deep Male Baritone Solo]
data/video_OTDqev8aW0A/frames/f_141.jpg	1.00	[Verse 2 - Airy Female Alto Solo]
data/video_OTDqev8aW0A/frames/f_141.jpg	1.00	[Chorus - Both Singing Together]
data/video_OTDqev8aW0A/frames/f_141.jpg	0.50	...
data/video_OTDqev8aW0A/frames/f_141.jpg	1.00	05
data/video_OTDqev8aW0A/frames/f_141.jpg	1.00	Duet
data/video_OTDqev8aW0A/frames/f_141.jpg	0.30	WASBE
data/video_OTDqev8aW0A/frames/f_141.jpg	1.00	Sample 05
data/video_OTDqev8aW0A/frames/f_141.jpg	0.30	doolanlollm..,
data/video_OTDqev8aW0A/frames/f_142.jpg	1.00	Prompt
data/video_OTDqev8aW0A/frames/f_142.jpg	1.00	Styles
data/video_OTDqev8aW0A/frames/f_142.jpg	1.00	Deep Male Baritone + Airy Female Alto
data/video_OTDqev8aW0A/frames/f_142.jpg	1.00	No voice swapping • No third vocalist
data/video_OTDqev8aW0A/frames/f_142.jpg	0.30	OEE1
data/video_OTDqev8aW0A/frames/f_142.jpg	1.00	[Verse 1 - Deep Male Baritone Solo]
data/video_OTDqev8aW0A/frames/f_142.jpg	1.00	[Verse 2 - Airy Female Alto Solo]
data/video_OTDqev8aW0A/frames/f_142.jpg	1.00	[Chorus - Both Singing Together]
data/video_OTDqev8aW0A/frames/f_142.jpg	0.30	••••
data/video_OTDqev8aW0A/frames/f_142.jpg	1.00	05
data/video_OTDqev8aW0A/frames/f_142.jpg	1.00	Duet
data/video_OTDqev8aW0A/frames/f_142.jpg	1.00	Sample 05
data/video_OTDqev8aW0A/frames/f_142.jpg	1.00	Verse 2 • 0ia s:
data/video_OTDqev8aW0A/frames/f_142.jpg	0.30	1lalln..il
data/video_OTDqev8aW0A/frames/f_143.jpg	1.00	Prompt
data/video_OTDqev8aW0A/frames/f_143.jpg	1.00	Styles
data/video_OTDqev8aW0A/frames/f_143.jpg	1.00	Deep Male Baritone + Airy Female Alto
data/video_OTDqev8aW0A/frames/f_143.jpg	1.00	No voice swapping • No third vocalist
data/video_OTDqev8aW0A/frames/f_143.jpg	1.00	[Verse 1 - Deep Male Baritone Solo]
data/video_OTDqev8aW0A/frames/f_143.jpg	1.00	[Verse 2 - Airy Female Alto Solo]
data/video_OTDqev8aW0A/frames/f_143.jpg	1.00	[Chorus - Both Singing Together]
data/video_OTDqev8aW0A/frames/f_143.jpg	0.50	...
data/video_OTDqev8aW0A/frames/f_143.jpg	1.00	05
data/video_OTDqev8aW0A/frames/f_143.jpg	1.00	Duet
data/video_OTDqev8aW0A/frames/f_143.jpg	0.30	14828
data/video_OTDqev8aW0A/frames/f_143.jpg	1.00	Sample 05
data/video_OTDqev8aW0A/frames/f_143.jpg	1.00	.•
data/video_OTDqev8aW0A/frames/f_143.jpg	0.30	Verse20293
data/video_OTDqev8aW0A/frames/f_143.jpg	1.00	nll.
data/video_OTDqev8aW0A/frames/f_144.jpg	1.00	Prompt
data/video_OTDqev8aW0A/frames/f_144.jpg	1.00	Styles
data/video_OTDqev8aW0A/frames/f_144.jpg	1.00	Deep Male Baritone + Airy Female Alto
data/video_OTDqev8aW0A/frames/f_144.jpg	1.00	No voice swapping • No third vocalist
data/video_OTDqev8aW0A/frames/f_144.jpg	1.00	[Verse 1 - Deep Male Baritone Solo]
data/video_OTDqev8aW0A/frames/f_144.jpg	1.00	[Verse 2 - Airy Female Alto Solo]
data/video_OTDqev8aW0A/frames/f_144.jpg	1.00	[chorus - Both Singing Together]
data/video_OTDqev8aW0A/frames/f_144.jpg	1.00	...
data/video_OTDqev8aW0A/frames/f_144.jpg	1.00	05
data/video_OTDqev8aW0A/frames/f_144.jpg	1.00	Duet
data/video_OTDqev8aW0A/frames/f_144.jpg	0.30	44S 29
data/video_OTDqev8aW0A/frames/f_144.jpg	1.00	Sample 05
data/video_OTDqev8aW0A/frames/f_144.jpg	1.00	Verse 2• 08 99
data/video_OTDqev8aW0A/frames/f_144.jpg	0.30	ull.lolls.
data/video_OTDqev8aW0A/frames/f_145.jpg	1.00	Prompt
data/video_OTDqev8aW0A/frames/f_145.jpg	1.00	Styles
data/video_OTDqev8aW0A/frames/f_145.jpg	1.00	Deep Male Baritone + Airy Female Alto
data/video_OTDqev8aW0A/frames/f_145.jpg	1.00	No voice swapping - No third vocalist
data/video_OTDqev8aW0A/frames/f_145.jpg	1.00	[Verse 1 - Deep Male Baritone Solo]
data/video_OTDqev8aW0A/frames/f_145.jpg	1.00	[Verse 2 - Airy Female Alto Solo]
data/video_OTDqev8aW0A/frames/f_145.jpg	1.00	[Chorus - Both Singing Together]
data/video_OTDqev8aW0A/frames/f_145.jpg	0.30	...
data/video_OTDqev8aW0A/frames/f_145.jpg	1.00	05
data/video_OTDqev8aW0A/frames/f_145.jpg	1.00	Duet
data/video_OTDqev8aW0A/frames/f_145.jpg	0.30	WAS 215
data/video_OTDqev8aW0A/frames/f_145.jpg	1.00	Sample 05
data/video_OTDqev8aW0A/frames/f_145.jpg	0.50	I...
data/video_OTDqev8aW0A/frames/f_145.jpg	1.00	Chorus • #%
data/video_OTDqev8aW0A/frames/f_145.jpg	0.30	1olodlom..ol
data/video_OTDqev8aW0A/frames/f_146.jpg	1.00	Prompt
data/video_OTDqev8aW0A/frames/f_146.jpg	1.00	Styles
data/video_OTDqev8aW0A/frames/f_146.jpg	1.00	Deep Male Baritone + Airy Female Alto
data/video_OTDqev8aW0A/frames/f_146.jpg	1.00	No voice swapping • No third vocalist
data/video_OTDqev8aW0A/frames/f_146.jpg	0.30	DE|EH2
data/video_OTDqev8aW0A/frames/f_146.jpg	1.00	[Verse 1 - Deep Male Baritone Solo]
data/video_OTDqev8aW0A/frames/f_146.jpg	1.00	[Verse 2 - Airy Female Alto Solo]
data/video_OTDqev8aW0A/frames/f_146.jpg	1.00	[Chorus - Both Singing Together]
data/video_OTDqev8aW0A/frames/f_146.jpg	0.30	...
data/video_OTDqev8aW0A/frames/f_146.jpg	1.00	05
data/video_OTDqev8aW0A/frames/f_146.jpg	1.00	Duet
data/video_OTDqev8aW0A/frames/f_146.jpg	1.00	Sample 05
data/video_OTDqev8aW0A/frames/f_146.jpg	1.00	Chorus • F%
data/video_OTDqev8aW0A/frames/f_146.jpg	0.30	dludlm..ll,
data/video_OTDqev8aW0A/frames/f_147.jpg	1.00	Prompt
data/video_OTDqev8aW0A/frames/f_147.jpg	1.00	Styles
data/video_OTDqev8aW0A/frames/f_147.jpg	1.00	Deep Male Baritone + Airy Female Alto
data/video_OTDqev8aW0A/frames/f_147.jpg	1.00	No voice swapping • No third vocalist
data/video_OTDqev8aW0A/frames/f_147.jpg	0.30	DEHHZ
data/video_OTDqev8aW0A/frames/f_147.jpg	1.00	[Verse 1 - Deep Male Baritone SoLo]
data/video_OTDqev8aW0A/frames/f_147.jpg	1.00	EVerse 2 - Airy Female Alto Solo]
data/video_OTDqev8aW0A/frames/f_147.jpg	1.00	[Chorus - Both Singing Together]
data/video_OTDqev8aW0A/frames/f_147.jpg	0.30	••••
data/video_OTDqev8aW0A/frames/f_147.jpg	1.00	05
data/video_OTDqev8aW0A/frames/f_147.jpg	1.00	Duet
data/video_OTDqev8aW0A/frames/f_147.jpg	0.30	14S28
data/video_OTDqev8aW0A/frames/f_147.jpg	1.00	Sample 05
data/video_OTDqev8aW0A/frames/f_147.jpg	1.00	Chorus • F%
data/video_OTDqev8aW0A/frames/f_147.jpg	0.30	..li..lI..
data/video_OTDqev8aW0A/frames/f_148.jpg	1.00	Prompt
data/video_OTDqev8aW0A/frames/f_148.jpg	1.00	Styles
data/video_OTDqev8aW0A/frames/f_148.jpg	1.00	Deep Male Baritone + Airy Female Alto
data/video_OTDqev8aW0A/frames/f_148.jpg	1.00	No voice swapping • No third vocalist
data/video_OTDqev8aW0A/frames/f_148.jpg	1.00	[Verse 1 - Deep Male Baritone Solo]
data/video_OTDqev8aW0A/frames/f_148.jpg	1.00	[Verse 2 - Airy Female Alto Solo]
data/video_OTDqev8aW0A/frames/f_148.jpg	1.00	[Chorus - Both Singing Together]
data/video_OTDqev8aW0A/frames/f_148.jpg	0.30	••••
data/video_OTDqev8aW0A/frames/f_148.jpg	1.00	05
data/video_OTDqev8aW0A/frames/f_148.jpg	1.00	Duet
data/video_OTDqev8aW0A/frames/f_148.jpg	0.30	448 28
data/video_OTDqev8aW0A/frames/f_148.jpg	1.00	Sample 05
data/video_OTDqev8aW0A/frames/f_148.jpg	1.00	Chorus • 5%%
data/video_OTDqev8aW0A/frames/f_148.jpg	0.30	1all.udl...l
data/video_OTDqev8aW0A/frames/f_149.jpg	1.00	Prompt
data/video_OTDqev8aW0A/frames/f_149.jpg	1.00	Styles
data/video_OTDqev8aW0A/frames/f_149.jpg	1.00	Deep Male Baritone + Airy Female Alto
data/video_OTDqev8aW0A/frames/f_149.jpg	1.00	No voice swapping • No third vocalist
data/video_OTDqev8aW0A/frames/f_149.jpg	0.30	HEJEE
data/video_OTDqev8aW0A/frames/f_149.jpg	1.00	[Verse 1 - Deep Male Baritone Solo]
data/video_OTDqev8aW0A/frames/f_149.jpg	1.00	[Verse 2 - Airy Female Alto Solo]
data/video_OTDqev8aW0A/frames/f_149.jpg	1.00	[Chorus - Both Singing Together]
data/video_OTDqev8aW0A/frames/f_149.jpg	0.30	...
data/video_OTDqev8aW0A/frames/f_149.jpg	1.00	05
data/video_OTDqev8aW0A/frames/f_149.jpg	1.00	Duet
data/video_OTDqev8aW0A/frames/f_149.jpg	0.30	148 88
data/video_OTDqev8aW0A/frames/f_149.jpg	1.00	Sample 05
data/video_OTDqev8aW0A/frames/f_149.jpg	1.00	• -
data/video_OTDqev8aW0A/frames/f_149.jpg	1.00	Chorus • $9
data/video_OTDqev8aW0A/frames/f_149.jpg	0.30	h.Iln.ull
data/video_OTDqev8aW0A/frames/f_150.jpg	1.00	Prompt
data/video_OTDqev8aW0A/frames/f_150.jpg	1.00	Styles
data/video_OTDqev8aW0A/frames/f_150.jpg	1.00	Deep Male Baritone + Airy Female Alto
data/video_OTDqev8aW0A/frames/f_150.jpg	1.00	No voice swapping • No third vocalist
data/video_OTDqev8aW0A/frames/f_150.jpg	1.00	[Verse 1 - Deep Male Baritone Solo]
data/video_OTDqev8aW0A/frames/f_150.jpg	1.00	[Verse 2 - Airy Female Alto Solo]
data/video_OTDqev8aW0A/frames/f_150.jpg	1.00	[Chorus - Both Singing Together]
data/video_OTDqev8aW0A/frames/f_150.jpg	0.30	...
data/video_OTDqev8aW0A/frames/f_150.jpg	1.00	05
data/video_OTDqev8aW0A/frames/f_150.jpg	1.00	Duet
data/video_OTDqev8aW0A/frames/f_150.jpg	0.30	WAS BR
data/video_OTDqev8aW0A/frames/f_150.jpg	1.00	Sample 05
data/video_OTDqev8aW0A/frames/f_150.jpg	0.30	.III
data/video_OTDqev8aW0A/frames/f_150.jpg	0.30	.II
data/video_OTDqev8aW0A/frames/f_150.jpg	1.00	Chorus • F%
data/video_OTDqev8aW0A/frames/f_151.jpg	1.00	Prompt
data/video_OTDqev8aW0A/frames/f_151.jpg	1.00	Styles
data/video_OTDqev8aW0A/frames/f_151.jpg	1.00	Deep Male Baritone + Airy Female Alto
data/video_OTDqev8aW0A/frames/f_151.jpg	1.00	No voice swapping • No third vocalist
data/video_OTDqev8aW0A/frames/f_151.jpg	1.00	[Verse 1 - Deep Male Baritone Solo]
data/video_OTDqev8aW0A/frames/f_151.jpg	1.00	EVerse 2 - Airy Female Alto Solo]
data/video_OTDqev8aW0A/frames/f_151.jpg	1.00	[Chorus - Both Singing Together]
data/video_OTDqev8aW0A/frames/f_151.jpg	1.00	...
data/video_OTDqev8aW0A/frames/f_151.jpg	1.00	05
data/video_OTDqev8aW0A/frames/f_151.jpg	1.00	Duet
data/video_OTDqev8aW0A/frames/f_151.jpg	0.30	14828
data/video_OTDqev8aW0A/frames/f_151.jpg	1.00	Sample 05
data/video_OTDqev8aW0A/frames/f_151.jpg	1.00	Chorus • F91
data/video_OTDqev8aW0A/frames/f_151.jpg	1.00	1
data/video_OTDqev8aW0A/frames/f_151.jpg	0.30	.l.ol...
data/video_OTDqev8aW0A/frames/f_152.jpg	1.00	Prompt
data/video_OTDqev8aW0A/frames/f_152.jpg	1.00	Styles
data/video_OTDqev8aW0A/frames/f_152.jpg	1.00	Deep Male Baritone + Airy Female Alto
data/video_OTDqev8aW0A/frames/f_152.jpg	1.00	No voice swapping : No third vocalist
data/video_OTDqev8aW0A/frames/f_152.jpg	0.30	DEННZ
data/video_OTDqev8aW0A/frames/f_152.jpg	1.00	[Verse 1 - Deep Male Baritone Solo]
data/video_OTDqev8aW0A/frames/f_152.jpg	1.00	[Verse 2 - Airy Female Alto Solo]
data/video_OTDqev8aW0A/frames/f_152.jpg	1.00	[Chorus - Both Singing Together]
data/video_OTDqev8aW0A/frames/f_152.jpg	1.00	...
data/video_OTDqev8aW0A/frames/f_152.jpg	1.00	05
data/video_OTDqev8aW0A/frames/f_152.jpg	1.00	Duet
data/video_OTDqev8aW0A/frames/f_152.jpg	1.00	Sample 05
data/video_OTDqev8aW0A/frames/f_152.jpg	0.50	1..1
data/video_OTDqev8aW0A/frames/f_152.jpg	1.00	Chorus • 5%
data/video_OTDqev8aW0A/frames/f_152.jpg	0.30	1hnll...l1
data/video_OTDqev8aW0A/frames/f_153.jpg	1.00	05
data/video_OTDqev8aW0A/frames/f_153.jpg	1.00	Prompt
data/video_OTDqev8aW0A/frames/f_153.jpg	1.00	Styles
data/video_OTDqev8aW0A/frames/f_153.jpg	1.00	Deep Male Baritone + Airy Female Alto
data/video_OTDqev8aW0A/frames/f_153.jpg	1.00	No voice swapping • No third vocalist
data/video_OTDqev8aW0A/frames/f_153.jpg	0.30	14829
data/video_OTDqev8aW0A/frames/f_153.jpg	1.00	[Verse 1 - Deep Male Baritone Solo]
data/video_OTDqev8aW0A/frames/f_153.jpg	1.00	[Verse 2 - Airy Female Alto Solo]
data/video_OTDqev8aW0A/frames/f_153.jpg	1.00	[Chorus - Both Singing Together]
data/video_OTDqev8aW0A/frames/f_153.jpg	1.00	Duet
data/video_OTDqev8aW0A/frames/f_153.jpg	1.00	Sample 05
data/video_OTDqev8aW0A/frames/f_153.jpg	1.00	Chorus • F%l
data/video_OTDqev8aW0A/frames/f_154.jpg	1.00	05
data/video_OTDqev8aW0A/frames/f_154.jpg	1.00	Prompt
data/video_OTDqev8aW0A/frames/f_154.jpg	1.00	Styles
data/video_OTDqev8aW0A/frames/f_154.jpg	1.00	Deep Male Baritone + Airy Female Alto
data/video_OTDqev8aW0A/frames/f_154.jpg	1.00	No voice swapping • No third vocalist
data/video_OTDqev8aW0A/frames/f_154.jpg	0.30	OIEHER2
data/video_OTDqev8aW0A/frames/f_154.jpg	1.00	[Verse 1 - Deep Male Baritone Solo]
data/video_OTDqev8aW0A/frames/f_154.jpg	1.00	[Verse 2 - Airy Female Alto Solo]
data/video_OTDqev8aW0A/frames/f_154.jpg	1.00	[Chorus - Both Singing Together]
data/video_OTDqev8aW0A/frames/f_154.jpg	0.30	14828
data/video_OTDqev8aW0A/frames/f_154.jpg	1.00	Duet
data/video_OTDqev8aW0A/frames/f_154.jpg	1.00	Sample 05
data/video_OTDqev8aW0A/frames/f_154.jpg	1.00	Chorus • F%
data/video_OTDqev8aW0A/frames/f_154.jpg	0.30	londonoll.,
data/video_OTDqev8aW0A/frames/f_155.jpg	1.00	Prompt
data/video_OTDqev8aW0A/frames/f_155.jpg	1.00	Styles
data/video_OTDqev8aW0A/frames/f_155.jpg	1.00	Deep Male Baritone + Airy Female Alto
data/video_OTDqev8aW0A/frames/f_155.jpg	1.00	No voice swapping • No third vocalist
data/video_OTDqev8aW0A/frames/f_155.jpg	1.00	[Verse 1 - Deep Male Baritone Solo]
data/video_OTDqev8aW0A/frames/f_155.jpg	1.00	[Verse 2 - Airy Female Alto Solo]
data/video_OTDqev8aW0A/frames/f_155.jpg	1.00	[Chorus - Both Singing Together]
data/video_OTDqev8aW0A/frames/f_155.jpg	0.30	...
data/video_OTDqev8aW0A/frames/f_155.jpg	1.00	05
data/video_OTDqev8aW0A/frames/f_155.jpg	1.00	Duet
data/video_OTDqev8aW0A/frames/f_155.jpg	0.50	#48 2E
data/video_OTDqev8aW0A/frames/f_155.jpg	1.00	Sample 05
data/video_OTDqev8aW0A/frames/f_155.jpg	0.50	1..
data/video_OTDqev8aW0A/frames/f_155.jpg	1.00	Chorus • F%
data/video_OTDqev8aW0A/frames/f_156.jpg	1.00	Prompt
data/video_OTDqev8aW0A/frames/f_156.jpg	1.00	Styles
data/video_OTDqev8aW0A/frames/f_156.jpg	1.00	Deep Male Baritone + Airy Female Alto
data/video_OTDqev8aW0A/frames/f_156.jpg	1.00	No voice swapping • No third vocalist
data/video_OTDqev8aW0A/frames/f_156.jpg	0.30	O||EE|2
data/video_OTDqev8aW0A/frames/f_156.jpg	1.00	[Verse 1 - Deep Male Baritone Solo]
data/video_OTDqev8aW0A/frames/f_156.jpg	1.00	[Verse 2 - Airy Female Alto Solo]
data/video_OTDqev8aW0A/frames/f_156.jpg	1.00	EChorus - Both Singing Together]
data/video_OTDqev8aW0A/frames/f_156.jpg	0.30	...
data/video_OTDqev8aW0A/frames/f_156.jpg	1.00	05
data/video_OTDqev8aW0A/frames/f_156.jpg	1.00	Duet
data/video_OTDqev8aW0A/frames/f_156.jpg	0.30	WAS E
data/video_OTDqev8aW0A/frames/f_156.jpg	1.00	Sample 05
data/video_OTDqev8aW0A/frames/f_156.jpg	1.00	Chorus • F9t
data/video_OTDqev8aW0A/frames/f_157.jpg	1.00	Prompt
data/video_OTDqev8aW0A/frames/f_157.jpg	1.00	Styles
data/video_OTDqev8aW0A/frames/f_157.jpg	1.00	Deep Male Baritone + Airy Female Alto
data/video_OTDqev8aW0A/frames/f_157.jpg	1.00	No voice swapping • No third vocalist
data/video_OTDqev8aW0A/frames/f_157.jpg	1.00	[Verse 1 - Deep Male Baritone Solo]
data/video_OTDqev8aW0A/frames/f_157.jpg	1.00	[Verse 2 - Airy Female Alto Solo]
data/video_OTDqev8aW0A/frames/f_157.jpg	1.00	[Chorus - Both Singing Together]
data/video_OTDqev8aW0A/frames/f_157.jpg	0.30	...
data/video_OTDqev8aW0A/frames/f_157.jpg	1.00	05
data/video_OTDqev8aW0A/frames/f_157.jpg	1.00	Duet
data/video_OTDqev8aW0A/frames/f_157.jpg	0.30	148 28
data/video_OTDqev8aW0A/frames/f_157.jpg	1.00	Sample 05
data/video_OTDqev8aW0A/frames/f_157.jpg	1.00	Chorus • 5%%
data/video_OTDqev8aW0A/frames/f_158.jpg	1.00	Prompt
data/video_OTDqev8aW0A/frames/f_158.jpg	1.00	Styles
data/video_OTDqev8aW0A/frames/f_158.jpg	1.00	Deep Male Baritone + Airy Female Alto
data/video_OTDqev8aW0A/frames/f_158.jpg	1.00	No voice swapping • No third vocalist
data/video_OTDqev8aW0A/frames/f_158.jpg	0.30	DjEH2
data/video_OTDqev8aW0A/frames/f_158.jpg	1.00	[Verse 1 - Deep Male Baritone Solo]
data/video_OTDqev8aW0A/frames/f_158.jpg	1.00	[Verse 2 - Airy Female Alto Solo]
data/video_OTDqev8aW0A/frames/f_158.jpg	1.00	[Chorus - Both Singing Together]
data/video_OTDqev8aW0A/frames/f_158.jpg	0.30	...
data/video_OTDqev8aW0A/frames/f_158.jpg	1.00	05
data/video_OTDqev8aW0A/frames/f_158.jpg	1.00	Duet
data/video_OTDqev8aW0A/frames/f_158.jpg	1.00	Sample 05
data/video_OTDqev8aW0A/frames/f_158.jpg	1.00	Chorus • 5%
data/video_OTDqev8aW0A/frames/f_158.jpg	0.30	lllmndli....
data/video_OTDqev8aW0A/frames/f_159.jpg	1.00	Prompt
data/video_OTDqev8aW0A/frames/f_159.jpg	1.00	Styles
data/video_OTDqev8aW0A/frames/f_159.jpg	1.00	Deep Male Baritone + Airy Female Alto
data/video_OTDqev8aW0A/frames/f_159.jpg	1.00	No voice swapping • No third vocalist
data/video_OTDqev8aW0A/frames/f_159.jpg	1.00	[Verse 1 - Deep Male Baritone Solo]
data/video_OTDqev8aW0A/frames/f_159.jpg	1.00	[Verse 2 - Airy Female Alto Solo]
data/video_OTDqev8aW0A/frames/f_159.jpg	1.00	[Chorus - Both Singing Together]
data/video_OTDqev8aW0A/frames/f_159.jpg	0.30	...
data/video_OTDqev8aW0A/frames/f_159.jpg	1.00	05
data/video_OTDqev8aW0A/frames/f_159.jpg	1.00	Duet
data/video_OTDqev8aW0A/frames/f_159.jpg	0.50	#4S 28
data/video_OTDqev8aW0A/frames/f_159.jpg	1.00	Sample 05
data/video_OTDqev8aW0A/frames/f_159.jpg	0.30	.I.
data/video_OTDqev8aW0A/frames/f_159.jpg	1.00	Chorus - 5%
data/video_OTDqev8aW0A/frames/f_159.jpg	0.50	.ol..,
data/video_OTDqev8aW0A/frames/f_160.jpg	1.00	05
data/video_OTDqev8aW0A/frames/f_160.jpg	1.00	Prompt
data/video_OTDqev8aW0A/frames/f_160.jpg	1.00	Styles
data/video_OTDqev8aW0A/frames/f_160.jpg	1.00	Deep Male Baritone + Airy Female Alto
data/video_OTDqev8aW0A/frames/f_160.jpg	1.00	No voice swapping • No third vocalist
data/video_OTDqev8aW0A/frames/f_160.jpg	0.30	44828
data/video_OTDqev8aW0A/frames/f_160.jpg	1.00	[Verse 1 - Deep Male Baritone Solo]
data/video_OTDqev8aW0A/frames/f_160.jpg	1.00	[Verse 2 - Airy Female Alto Solo]
data/video_OTDqev8aW0A/frames/f_160.jpg	1.00	[Chorus - Both Singing Together]
data/video_OTDqev8aW0A/frames/f_160.jpg	1.00	Duet
data/video_OTDqev8aW0A/frames/f_160.jpg	1.00	Sample 05
data/video_OTDqev8aW0A/frames/f_161.jpg	1.00	05
data/video_OTDqev8aW0A/frames/f_161.jpg	1.00	Prompt
data/video_OTDqev8aW0A/frames/f_161.jpg	1.00	Styles
data/video_OTDqev8aW0A/frames/f_161.jpg	1.00	Deep Male Baritone + Airy Female Alto
data/video_OTDqev8aW0A/frames/f_161.jpg	1.00	No voice swapping • No third vocalist
data/video_OTDqev8aW0A/frames/f_161.jpg	0.30	HAS BE
data/video_OTDqev8aW0A/frames/f_161.jpg	1.00	[Verse 1 - Deep Male Baritone Solo]
data/video_OTDqev8aW0A/frames/f_161.jpg	1.00	[Verse 2 - Airy Female Alto Solo]
data/video_OTDqev8aW0A/frames/f_161.jpg	1.00	[Chorus - Both Singing Together]
data/video_OTDqev8aW0A/frames/f_161.jpg	1.00	Duet
data/video_OTDqev8aW0A/frames/f_161.jpg	1.00	Sample 05
data/video_OTDqev8aW0A/frames/f_163.jpg	1.00	••
data/video_OTDqev8aW0A/frames/f_163.jpg	1.00	A Cappella
data/video_OTDqev8aW0A/frames/f_163.jpg	1.00	Prompt
data/video_OTDqev8aW0A/frames/f_163.jpg	1.00	Styles
data/video_OTDqev8aW0A/frames/f_163.jpg	1.00	Vocals only • Low vocal bass
data/video_OTDqev8aW0A/frames/f_163.jpg	1.00	Warm stacked harmonies
data/video_OTDqev8aW0A/frames/f_163.jpg	1.00	Exclude Styles
data/video_OTDqev8aW0A/frames/f_163.jpg	1.00	X piano Rhodessynthesizers drums strings
data/video_OTDqev8aW0A/frames/f_163.jpg	1.00	Sample 06
data/video_OTDqev8aW0A/frames/f_163.jpg	1.00	guitars
data/video_OTDqev8aW0A/frames/f_163.jpg	1.00	[A Cappella - Warm Female Lead, Vocals OnLy]
data/video_OTDqev8aW0A/frames/f_164.jpg	1.00	Prompt
data/video_OTDqev8aW0A/frames/f_164.jpg	1.00	Styles
data/video_OTDqev8aW0A/frames/f_164.jpg	1.00	Vocals only • Low vocal bass
data/video_OTDqev8aW0A/frames/f_164.jpg	1.00	Warm stacked harmonies
data/video_OTDqev8aW0A/frames/f_164.jpg	1.00	Exclude Styles
data/video_OTDqev8aW0A/frames/f_164.jpg	1.00	X pianoRhodes-synthesizersdrumsstringsguitars
data/video_OTDqev8aW0A/frames/f_164.jpg	0.30	OjE|E=
data/video_OTDqev8aW0A/frames/f_164.jpg	1.00	[A Cappella - Warm Female Lead, Vocals OnlyJ
data/video_OTDqev8aW0A/frames/f_164.jpg	1.00	A Cappella
data/video_OTDqev8aW0A/frames/f_164.jpg	1.00	Sample 06
data/video_OTDqev8aW0A/frames/f_165.jpg	1.00	Prompt
data/video_OTDqev8aW0A/frames/f_165.jpg	1.00	Styles
data/video_OTDqev8aW0A/frames/f_165.jpg	0.30	MA8 28
data/video_OTDqev8aW0A/frames/f_165.jpg	1.00	Vocals only • Low vocal bass
data/video_OTDqev8aW0A/frames/f_165.jpg	1.00	Warm stacked harmonies
data/video_OTDqev8aW0A/frames/f_165.jpg	1.00	Exclude Styles
data/video_OTDqev8aW0A/frames/f_165.jpg	1.00	X piano Rhodessynthesizers drumsstringsguitars
data/video_OTDqev8aW0A/frames/f_165.jpg	1.00	[A Cappella - Warm Female Lead, Vocals Only]
data/video_OTDqev8aW0A/frames/f_165.jpg	1.00	A Cappella
data/video_OTDqev8aW0A/frames/f_165.jpg	1.00	Sample 06
data/video_OTDqev8aW0A/frames/f_165.jpg	0.30	[21
data/video_OTDqev8aW0A/frames/f_166.jpg	1.00	A Cappella
data/video_OTDqev8aW0A/frames/f_166.jpg	1.00	Prompt
data/video_OTDqev8aW0A/frames/f_166.jpg	1.00	Styles
data/video_OTDqev8aW0A/frames/f_166.jpg	1.00	Vocals only • Low vocal bass
data/video_OTDqev8aW0A/frames/f_166.jpg	1.00	Warm stacked harmonies
data/video_OTDqev8aW0A/frames/f_166.jpg	1.00	Exclude Styles
data/video_OTDqev8aW0A/frames/f_166.jpg	1.00	X piano Rhodessynthesizers drums strings guitars
data/video_OTDqev8aW0A/frames/f_166.jpg	0.30	0|E|EH=
data/video_OTDqev8aW0A/frames/f_166.jpg	1.00	Sample 06
data/video_OTDqev8aW0A/frames/f_166.jpg	1.00	[A Cappella - Warm Female Lead, Vocals OnlyJ
data/video_OTDqev8aW0A/frames/f_166.jpg	1.00	öHN2 Exclude Styles9||8.
data/video_OTDqev8aW0A/frames/f_167.jpg	1.00	Prompt
data/video_OTDqev8aW0A/frames/f_167.jpg	1.00	Styles
data/video_OTDqev8aW0A/frames/f_167.jpg	1.00	Vocals only • Low vocal bass
data/video_OTDqev8aW0A/frames/f_167.jpg	1.00	Warm stacked harmonies
data/video_OTDqev8aW0A/frames/f_167.jpg	1.00	Exclude Styles
data/video_OTDqev8aW0A/frames/f_167.jpg	1.00	X piano Rhodes synthesizers drumsstringsguitars
data/video_OTDqev8aW0A/frames/f_167.jpg	0.30	DE/H2
data/video_OTDqev8aW0A/frames/f_167.jpg	1.00	[A Cappella - Warm Female Lead, Vocals Only]
data/video_OTDqev8aW0A/frames/f_167.jpg	1.00	A Cappella
data/video_OTDqev8aW0A/frames/f_167.jpg	1.00	Sample 06
data/video_OTDqev8aW0A/frames/f_168.jpg	0.30	• • .
data/video_OTDqev8aW0A/frames/f_168.jpg	1.00	A Cappella
data/video_OTDqev8aW0A/frames/f_168.jpg	1.00	Prompt
data/video_OTDqev8aW0A/frames/f_168.jpg	1.00	Styles
data/video_OTDqev8aW0A/frames/f_168.jpg	1.00	Vocals only • Low vocal bass
data/video_OTDqev8aW0A/frames/f_168.jpg	1.00	Warm stacked harmonies
data/video_OTDqev8aW0A/frames/f_168.jpg	1.00	Exclude Styles
data/video_OTDqev8aW0A/frames/f_168.jpg	1.00	X piano Rhodes- synthesizers drumsstringsguitars
data/video_OTDqev8aW0A/frames/f_168.jpg	0.30	DjE/=
data/video_OTDqev8aW0A/frames/f_168.jpg	1.00	Sample 06
data/video_OTDqev8aW0A/frames/f_168.jpg	1.00	[A Cappella - Warm Female Lead, Vocals Only]
data/video_OTDqev8aW0A/frames/f_169.jpg	1.00	...
data/video_OTDqev8aW0A/frames/f_169.jpg	1.00	A Cappella
data/video_OTDqev8aW0A/frames/f_169.jpg	1.00	Prompt
data/video_OTDqev8aW0A/frames/f_169.jpg	1.00	Styles
data/video_OTDqev8aW0A/frames/f_169.jpg	0.30	44828
data/video_OTDqev8aW0A/frames/f_169.jpg	1.00	Vocals only • Low vocal bass
data/video_OTDqev8aW0A/frames/f_169.jpg	1.00	Warm stacked harmonies
data/video_OTDqev8aW0A/frames/f_169.jpg	1.00	Exclude Styles
data/video_OTDqev8aW0A/frames/f_169.jpg	1.00	X piano Rhodes synthesizers drums strings guitars
data/video_OTDqev8aW0A/frames/f_169.jpg	0.30	CHEНEE
data/video_OTDqev8aW0A/frames/f_169.jpg	1.00	Sample 06
data/video_OTDqev8aW0A/frames/f_169.jpg	0.30	1odlulo..ul
data/video_OTDqev8aW0A/frames/f_169.jpg	1.00	[A Cappella - Warm Female Lead, Vocals OnlyJ
data/video_OTDqev8aW0A/frames/f_170.jpg	0.30	AAS 2E
data/video_OTDqev8aW0A/frames/f_170.jpg	1.00	Prompt
data/video_OTDqev8aW0A/frames/f_170.jpg	1.00	Styles
data/video_OTDqev8aW0A/frames/f_170.jpg	1.00	Vocals only • Low vocal bass
data/video_OTDqev8aW0A/frames/f_170.jpg	1.00	Warm stacked harmonies
data/video_OTDqev8aW0A/frames/f_170.jpg	1.00	Exclude Styles
data/video_OTDqev8aW0A/frames/f_170.jpg	1.00	X pianoRhodessynthesizers drumsstrings guitars
data/video_OTDqev8aW0A/frames/f_170.jpg	1.00	[A Cappella - Warm Female Lead, Vocals Only]
data/video_OTDqev8aW0A/frames/f_170.jpg	1.00	-
data/video_OTDqev8aW0A/frames/f_170.jpg	1.00	A Cappella
data/video_OTDqev8aW0A/frames/f_170.jpg	0.30	- -
data/video_OTDqev8aW0A/frames/f_170.jpg	1.00	Sample 06
data/video_OTDqev8aW0A/frames/f_170.jpg	0.30	1llIl
data/video_OTDqev8aW0A/frames/f_171.jpg	1.00	Prompt
data/video_OTDqev8aW0A/frames/f_171.jpg	1.00	Styles
data/video_OTDqev8aW0A/frames/f_171.jpg	1.00	Vocals only Low vocal bass
data/video_OTDqev8aW0A/frames/f_171.jpg	1.00	Warm stacked harmonies
data/video_OTDqev8aW0A/frames/f_171.jpg	1.00	Exclude Styles
data/video_OTDqev8aW0A/frames/f_171.jpg	1.00	X piano Rhodes synthesizers drumsstrings guitars
data/video_OTDqev8aW0A/frames/f_171.jpg	1.00	[A Cappella - Warm Female Lead, Vocals Only]
data/video_OTDqev8aW0A/frames/f_171.jpg	1.00	A Cappella
data/video_OTDqev8aW0A/frames/f_171.jpg	1.00	Sample 06
data/video_OTDqev8aW0A/frames/f_171.jpg	0.30	doo.la..ll..
data/video_OTDqev8aW0A/frames/f_172.jpg	1.00	.....
data/video_OTDqev8aW0A/frames/f_172.jpg	1.00	A Cappella
data/video_OTDqev8aW0A/frames/f_172.jpg	1.00	Prompt
data/video_OTDqev8aW0A/frames/f_172.jpg	1.00	Styles
data/video_OTDqev8aW0A/frames/f_172.jpg	1.00	Vocals only • Low vocal bass
data/video_OTDqev8aW0A/frames/f_172.jpg	1.00	Warm stacked harmonies
data/video_OTDqev8aW0A/frames/f_172.jpg	1.00	Exclude Styles
data/video_OTDqev8aW0A/frames/f_172.jpg	0.30	#48 28
data/video_OTDqev8aW0A/frames/f_172.jpg	1.00	X piano Rhodes synthesizersdrunsstringsguitars
data/video_OTDqev8aW0A/frames/f_172.jpg	1.00	Sample 06
data/video_OTDqev8aW0A/frames/f_172.jpg	0.30	bolimll...
data/video_OTDqev8aW0A/frames/f_172.jpg	1.00	[A Cappella - Warm Female Lead, Vocals Only]
data/video_OTDqev8aW0A/frames/f_173.jpg	1.00	Prompt
data/video_OTDqev8aW0A/frames/f_173.jpg	1.00	Styles
data/video_OTDqev8aW0A/frames/f_173.jpg	1.00	Vocals only • Low vocal bass
data/video_OTDqev8aW0A/frames/f_173.jpg	1.00	Warm stacked harmonies
data/video_OTDqev8aW0A/frames/f_173.jpg	1.00	Exclude Styles
data/video_OTDqev8aW0A/frames/f_173.jpg	1.00	448 28
data/video_OTDqev8aW0A/frames/f_173.jpg	1.00	X piano Rhodessynthesizers drums-strings- guitars
data/video_OTDqev8aW0A/frames/f_173.jpg	0.30	D(E|E83
data/video_OTDqev8aW0A/frames/f_173.jpg	1.00	[A Cappella - Warm Female Lead, Vocals Only]
data/video_OTDqev8aW0A/frames/f_173.jpg	1.00	A Cappella
data/video_OTDqev8aW0A/frames/f_173.jpg	1.00	Sample 06
data/video_OTDqev8aW0A/frames/f_173.jpg	0.30	eolallaccllda.cdli
data/video_OTDqev8aW0A/frames/f_174.jpg	0.50	....
data/video_OTDqev8aW0A/frames/f_174.jpg	1.00	A Cappella
data/video_OTDqev8aW0A/frames/f_174.jpg	1.00	Prompt
data/video_OTDqev8aW0A/frames/f_174.jpg	1.00	Styles
data/video_OTDqev8aW0A/frames/f_174.jpg	1.00	Vocals only • Low vocal bass
data/video_OTDqev8aW0A/frames/f_174.jpg	1.00	Warm stacked harmonies
data/video_OTDqev8aW0A/frames/f_174.jpg	1.00	Exclude Styles
data/video_OTDqev8aW0A/frames/f_174.jpg	1.00	X piano- Rhodessynthesizers drumsstringsguitars
data/video_OTDqev8aW0A/frames/f_174.jpg	0.30	CE|EH=
data/video_OTDqev8aW0A/frames/f_174.jpg	1.00	[A Cappella - Warm Female Lead, |
data/video_OTDqev8aW0A/frames/f_174.jpg	1.00	Vocals Only]
data/video_OTDqev8aW0A/frames/f_174.jpg	1.00	Sample 06
data/video_OTDqev8aW0A/frames/f_174.jpg	0.30	..lin..oll.
data/video_OTDqev8aW0A/frames/f_175.jpg	1.00	....
data/video_OTDqev8aW0A/frames/f_175.jpg	1.00	A Cappella
data/video_OTDqev8aW0A/frames/f_175.jpg	1.00	Prompt
data/video_OTDqev8aW0A/frames/f_175.jpg	1.00	Styles
data/video_OTDqev8aW0A/frames/f_175.jpg	1.00	Vocals only • Low vocal bass
data/video_OTDqev8aW0A/frames/f_175.jpg	1.00	Warm stacked harmonies
data/video_OTDqev8aW0A/frames/f_175.jpg	1.00	Exclude Styles
data/video_OTDqev8aW0A/frames/f_175.jpg	1.00	< piano-Rhodes- synthesizersdrumsstrings guitars
data/video_OTDqev8aW0A/frames/f_175.jpg	0.30	OEHERZ
data/video_OTDqev8aW0A/frames/f_175.jpg	1.00	Sample 06
data/video_OTDqev8aW0A/frames/f_175.jpg	1.00	[A Cappella - Warm Female Lead, Vocals Only]
data/video_OTDqev8aW0A/frames/f_175.jpg	0.30	d..lli.
data/video_OTDqev8aW0A/frames/f_176.jpg	0.30	...
data/video_OTDqev8aW0A/frames/f_176.jpg	1.00	A Cappella
data/video_OTDqev8aW0A/frames/f_176.jpg	1.00	Prompt
data/video_OTDqev8aW0A/frames/f_176.jpg	1.00	Styles
data/video_OTDqev8aW0A/frames/f_176.jpg	1.00	Vocals only • Low vocal bass
data/video_OTDqev8aW0A/frames/f_176.jpg	1.00	Warm stacked harmonies
data/video_OTDqev8aW0A/frames/f_176.jpg	1.00	Exclude Styles
data/video_OTDqev8aW0A/frames/f_176.jpg	0.30	H4S HE
data/video_OTDqev8aW0A/frames/f_176.jpg	1.00	X piano Rhodes synthesizers drums strings guitars
data/video_OTDqev8aW0A/frames/f_176.jpg	1.00	Sample 06
data/video_OTDqev8aW0A/frames/f_176.jpg	1.00	[A Cappella - Warm Female Lead, Vocals Only]
data/video_OTDqev8aW0A/frames/f_177.jpg	0.30	• ••••
data/video_OTDqev8aW0A/frames/f_177.jpg	1.00	A Cappella
data/video_OTDqev8aW0A/frames/f_177.jpg	1.00	Prompt
data/video_OTDqev8aW0A/frames/f_177.jpg	1.00	Styles
data/video_OTDqev8aW0A/frames/f_177.jpg	1.00	Vocals only • Low vocal bass
data/video_OTDqev8aW0A/frames/f_177.jpg	1.00	Warm stacked harmonies
data/video_OTDqev8aW0A/frames/f_177.jpg	1.00	Exclude Styles
data/video_OTDqev8aW0A/frames/f_177.jpg	0.30	W48 28
data/video_OTDqev8aW0A/frames/f_177.jpg	1.00	K piano Rhodes synthesizers drums strings guitars
data/video_OTDqev8aW0A/frames/f_177.jpg	1.00	Sample 06
data/video_OTDqev8aW0A/frames/f_177.jpg	0.30	nlllCdlallClln
data/video_OTDqev8aW0A/frames/f_177.jpg	1.00	[A Cappella - Warm Female Lead, Vocals Only]
data/video_OTDqev8aW0A/frames/f_178.jpg	0.30	...
data/video_OTDqev8aW0A/frames/f_178.jpg	1.00	A Cappella
data/video_OTDqev8aW0A/frames/f_178.jpg	0.50	448 28
data/video_OTDqev8aW0A/frames/f_178.jpg	1.00	Prompt
data/video_OTDqev8aW0A/frames/f_178.jpg	1.00	Styles
data/video_OTDqev8aW0A/frames/f_178.jpg	1.00	Vocals only • Low vocal bass
data/video_OTDqev8aW0A/frames/f_178.jpg	1.00	Warm stacked harmonies
data/video_OTDqev8aW0A/frames/f_178.jpg	1.00	Exclude Styles
data/video_OTDqev8aW0A/frames/f_178.jpg	1.00	X pianoRhodes synthesizers drums strings guitars
data/video_OTDqev8aW0A/frames/f_178.jpg	1.00	Sample 06
data/video_OTDqev8aW0A/frames/f_178.jpg	0.30	lddandlln.
data/video_OTDqev8aW0A/frames/f_178.jpg	1.00	[A Cappella - Warm Female Lead, |
data/video_OTDqev8aW0A/frames/f_178.jpg	1.00	Vocals Only]
data/video_OTDqev8aW0A/frames/f_179.jpg	1.00	Prompt
data/video_OTDqev8aW0A/frames/f_179.jpg	1.00	Styles
data/video_OTDqev8aW0A/frames/f_179.jpg	1.00	Vocals only • Low vocal bass
data/video_OTDqev8aW0A/frames/f_179.jpg	1.00	Warm stacked harmonies
data/video_OTDqev8aW0A/frames/f_179.jpg	1.00	Exclude Styles
data/video_OTDqev8aW0A/frames/f_179.jpg	1.00	X piano Rhodes synthesizers drums strings
data/video_OTDqev8aW0A/frames/f_179.jpg	1.00	-guitars
data/video_OTDqev8aW0A/frames/f_179.jpg	1.00	[A Cappella - Warm Female Lead,
data/video_OTDqev8aW0A/frames/f_179.jpg	1.00	Vocals Only]
data/video_OTDqev8aW0A/frames/f_179.jpg	1.00	A Cappella
data/video_OTDqev8aW0A/frames/f_179.jpg	1.00	Sample 06
data/video_OTDqev8aW0A/frames/f_180.jpg	1.00	Prompt
data/video_OTDqev8aW0A/frames/f_180.jpg	1.00	Styles
data/video_OTDqev8aW0A/frames/f_180.jpg	1.00	Vocals only • Low vocal bass
data/video_OTDqev8aW0A/frames/f_180.jpg	1.00	Warm stacked harmonies
data/video_OTDqev8aW0A/frames/f_180.jpg	1.00	Exclude Styles
data/video_OTDqev8aW0A/frames/f_180.jpg	1.00	X pianoRhodes synthesizers drums-strings
data/video_OTDqev8aW0A/frames/f_180.jpg	1.00	[A Cappella - Warm Female Lead, Vocals Only]
data/video_OTDqev8aW0A/frames/f_180.jpg	0.30	• 38 14
data/video_OTDqev8aW0A/frames/f_180.jpg	0.30	448 218
data/video_OTDqev8aW0A/frames/f_180.jpg	1.00	guitars
data/video_OTDqev8aW0A/frames/f_180.jpg	1.00	A Cappella
data/video_OTDqev8aW0A/frames/f_180.jpg	1.00	Sample 06
data/video_OTDqev8aW0A/frames/f_182.jpg	0.30	...
data/video_OTDqev8aW0A/frames/f_182.jpg	1.00	07
data/video_OTDqev8aW0A/frames/f_182.jpg	1.00	Melisma / Vocal Runs
data/video_OTDqev8aW0A/frames/f_182.jpg	1.00	Prompt
data/video_OTDqev8aW0A/frames/f_182.jpg	1.00	Styles
data/video_OTDqev8aW0A/frames/f_182.jpg	1.00	Sustain each final syllable
data/video_OTDqev8aW0A/frames/f_182.jpg	1.00	3-5-note varied vocal runs
data/video_OTDqev8aW0A/frames/f_182.jpg	0.30	ojE/EH2
data/video_OTDqev8aW0A/frames/f_182.jpg	1.00	Run]
data/video_OTDqev8aW0A/frames/f_182.jpg	1.00	[Melisma - Sustain Each Final Vowel Across a 3-5-Note
data/video_OTDqev8aW0A/frames/f_182.jpg	1.00	Sample 07
data/video_OTDqev8aW0A/frames/f_183.jpg	1.00	07
data/video_OTDqev8aW0A/frames/f_183.jpg	1.00	Prompt
data/video_OTDqev8aW0A/frames/f_183.jpg	1.00	Styles
data/video_OTDqev8aW0A/frames/f_183.jpg	1.00	Sustain each final syllable
data/video_OTDqev8aW0A/frames/f_183.jpg	1.00	3-5-note varied vocal runs
data/video_OTDqev8aW0A/frames/f_183.jpg	0.30	DE/E|2
data/video_OTDqev8aW0A/frames/f_183.jpg	1.00	[Melisma - Sustain Each Final Vowel Across a 3-5-Note
data/video_OTDqev8aW0A/frames/f_183.jpg	1.00	Run]
data/video_OTDqev8aW0A/frames/f_183.jpg	1.00	...
data/video_OTDqev8aW0A/frames/f_183.jpg	1.00	Melisma / Vocal Runs
data/video_OTDqev8aW0A/frames/f_183.jpg	1.00	Sample 07
data/video_OTDqev8aW0A/frames/f_183.jpg	1.00	471
data/video_OTDqev8aW0A/frames/f_184.jpg	1.00	07
data/video_OTDqev8aW0A/frames/f_184.jpg	1.00	Prompt
data/video_OTDqev8aW0A/frames/f_184.jpg	1.00	Styles
data/video_OTDqev8aW0A/frames/f_184.jpg	1.00	Sustain each final syllable
data/video_OTDqev8aW0A/frames/f_184.jpg	1.00	3-5-note varied vocal runs
data/video_OTDqev8aW0A/frames/f_184.jpg	0.30	DE/EZ
data/video_OTDqev8aW0A/frames/f_184.jpg	1.00	[Melisma - Sustain Each Final Vowel Across a 3-5-Note
data/video_OTDqev8aW0A/frames/f_184.jpg	1.00	Run]
data/video_OTDqev8aW0A/frames/f_184.jpg	0.30	SASBE
data/video_OTDqev8aW0A/frames/f_184.jpg	1.00	Melisma / Vocal Runs
data/video_OTDqev8aW0A/frames/f_184.jpg	1.00	Sample 07
data/video_OTDqev8aW0A/frames/f_185.jpg	1.00	07
data/video_OTDqev8aW0A/frames/f_185.jpg	1.00	Prompt
data/video_OTDqev8aW0A/frames/f_185.jpg	1.00	Styles
data/video_OTDqev8aW0A/frames/f_185.jpg	1.00	Sustain each final syllable
data/video_OTDqev8aW0A/frames/f_185.jpg	1.00	3-5-note varied vocal runs
data/video_OTDqev8aW0A/frames/f_185.jpg	0.30	OE/EH=
data/video_OTDqev8aW0A/frames/f_185.jpg	1.00	[Melisma - Sustain Each Final Vowel Across a 3-5-Note
data/video_OTDqev8aW0A/frames/f_185.jpg	1.00	Run]
data/video_OTDqev8aW0A/frames/f_185.jpg	1.00	448 28
data/video_OTDqev8aW0A/frames/f_185.jpg	1.00	Melisma / Vocal Runs
data/video_OTDqev8aW0A/frames/f_185.jpg	1.00	Sample 07
data/video_OTDqev8aW0A/frames/f_185.jpg	1.00	421
data/video_OTDqev8aW0A/frames/f_186.jpg	1.00	07
data/video_OTDqev8aW0A/frames/f_186.jpg	1.00	Prompt
data/video_OTDqev8aW0A/frames/f_186.jpg	1.00	Styles
data/video_OTDqev8aW0A/frames/f_186.jpg	1.00	Sustain each final syllable
data/video_OTDqev8aW0A/frames/f_186.jpg	1.00	3-5-note varied vocal runs
data/video_OTDqev8aW0A/frames/f_186.jpg	0.30	14822
data/video_OTDqev8aW0A/frames/f_186.jpg	1.00	[Melisma - Sustain Each Final Vowel Across a 3-5-Note
data/video_OTDqev8aW0A/frames/f_186.jpg	1.00	Run]
data/video_OTDqev8aW0A/frames/f_186.jpg	1.00	-
data/video_OTDqev8aW0A/frames/f_186.jpg	1.00	Melisma / Vocal Runs
data/video_OTDqev8aW0A/frames/f_186.jpg	1.00	Sample 07
data/video_OTDqev8aW0A/frames/f_187.jpg	1.00	07
data/video_OTDqev8aW0A/frames/f_187.jpg	1.00	Prompt
data/video_OTDqev8aW0A/frames/f_187.jpg	1.00	Styles
data/video_OTDqev8aW0A/frames/f_187.jpg	1.00	Sustain each final syllable
data/video_OTDqev8aW0A/frames/f_187.jpg	1.00	3-5-note varied vocal runs
data/video_OTDqev8aW0A/frames/f_187.jpg	0.30	D|E|EH2
data/video_OTDqev8aW0A/frames/f_187.jpg	1.00	[Melisma - Sustain Each Final Vowel Across a 3-5-Note
data/video_OTDqev8aW0A/frames/f_187.jpg	1.00	Run]
data/video_OTDqev8aW0A/frames/f_187.jpg	1.00	....
data/video_OTDqev8aW0A/frames/f_187.jpg	1.00	-
data/video_OTDqev8aW0A/frames/f_187.jpg	1.00	Melisma / Vocal Runs
data/video_OTDqev8aW0A/frames/f_187.jpg	1.00	Sample 07
data/video_OTDqev8aW0A/frames/f_188.jpg	0.50	...
data/video_OTDqev8aW0A/frames/f_188.jpg	1.00	Melisma / Vocal Runs
data/video_OTDqev8aW0A/frames/f_188.jpg	1.00	Prompt
data/video_OTDqev8aW0A/frames/f_188.jpg	1.00	Styles
data/video_OTDqev8aW0A/frames/f_188.jpg	1.00	Sustain each final syllable
data/video_OTDqev8aW0A/frames/f_188.jpg	1.00	3-5-note varied vocal runs
data/video_OTDqev8aW0A/frames/f_188.jpg	0.30	WAS 28
data/video_OTDqev8aW0A/frames/f_188.jpg	1.00	Sample 07
data/video_OTDqev8aW0A/frames/f_188.jpg	0.30	.1..
data/video_OTDqev8aW0A/frames/f_188.jpg	0.30	oill.ill
data/video_OTDqev8aW0A/frames/f_188.jpg	0.30	1 -
data/video_OTDqev8aW0A/frames/f_188.jpg	1.00	[Melisma - Sustain Each Final Vowel Across a 3-5-Note
data/video_OTDqev8aW0A/frames/f_188.jpg	1.00	Run]
data/video_OTDqev8aW0A/frames/f_189.jpg	1.00	.....
data/video_OTDqev8aW0A/frames/f_189.jpg	1.00	Melisma / Vocal Runs
data/video_OTDqev8aW0A/frames/f_189.jpg	1.00	Prompt
data/video_OTDqev8aW0A/frames/f_189.jpg	1.00	Styles
data/video_OTDqev8aW0A/frames/f_189.jpg	1.00	Sustain each final syllable
data/video_OTDqev8aW0A/frames/f_189.jpg	1.00	3-5-note varied vocal runs
data/video_OTDqev8aW0A/frames/f_189.jpg	0.30	DjE|Z
data/video_OTDqev8aW0A/frames/f_189.jpg	0.30	#4828
data/video_OTDqev8aW0A/frames/f_189.jpg	1.00	Sample 07
data/video_OTDqev8aW0A/frames/f_189.jpg	0.30	baaldretarldd
data/video_OTDqev8aW0A/frames/f_189.jpg	1.00	[Melisma - Sustain Each Final Vowel Across a 3-5-Note
data/video_OTDqev8aW0A/frames/f_190.jpg	1.00	07
data/video_OTDqev8aW0A/frames/f_190.jpg	1.00	Prompt
data/video_OTDqev8aW0A/frames/f_190.jpg	1.00	Styles
data/video_OTDqev8aW0A/frames/f_190.jpg	1.00	Sustain each final syllable
data/video_OTDqev8aW0A/frames/f_190.jpg	1.00	3-5-note varied vocal runs
data/video_OTDqev8aW0A/frames/f_190.jpg	0.30	CEHEREZ
data/video_OTDqev8aW0A/frames/f_190.jpg	1.00	[Melisma - Sustain Each Final Vowel Across
data/video_OTDqev8aW0A/frames/f_190.jpg	1.00	a 3-5-Note
data/video_OTDqev8aW0A/frames/f_190.jpg	1.00	Run]
data/video_OTDqev8aW0A/frames/f_190.jpg	1.00	....
data/video_OTDqev8aW0A/frames/f_190.jpg	1.00	-
data/video_OTDqev8aW0A/frames/f_190.jpg	1.00	Melisma / Vocal Runs
data/video_OTDqev8aW0A/frames/f_190.jpg	1.00	Sample 07
data/video_OTDqev8aW0A/frames/f_190.jpg	1.00	-
data/video_OTDqev8aW0A/frames/f_191.jpg	1.00	...
data/video_OTDqev8aW0A/frames/f_191.jpg	1.00	07
data/video_OTDqev8aW0A/frames/f_191.jpg	1.00	Melisma / Vocal Runs
data/video_OTDqev8aW0A/frames/f_191.jpg	1.00	Prompt
data/video_OTDqev8aW0A/frames/f_191.jpg	1.00	Styles
data/video_OTDqev8aW0A/frames/f_191.jpg	1.00	Sustain each final syllable
data/video_OTDqev8aW0A/frames/f_191.jpg	1.00	3-5-note varied vocal runs
data/video_OTDqev8aW0A/frames/f_191.jpg	0.30	D(E|ED
data/video_OTDqev8aW0A/frames/f_191.jpg	1.00	[Melisma - Sustain Each Final Vowel Across
data/video_OTDqev8aW0A/frames/f_191.jpg	1.00	a 3-5-Note
data/video_OTDqev8aW0A/frames/f_191.jpg	1.00	Run]
data/video_OTDqev8aW0A/frames/f_191.jpg	0.30	44828
data/video_OTDqev8aW0A/frames/f_191.jpg	1.00	Sample 07
data/video_OTDqev8aW0A/frames/f_191.jpg	0.30	..li...uli.
data/video_OTDqev8aW0A/frames/f_192.jpg	1.00	....
data/video_OTDqev8aW0A/frames/f_192.jpg	1.00	Melisma / Vocal Runs
data/video_OTDqev8aW0A/frames/f_192.jpg	1.00	Prompt
data/video_OTDqev8aW0A/frames/f_192.jpg	1.00	Styles
data/video_OTDqev8aW0A/frames/f_192.jpg	1.00	Sustain each final syllable
data/video_OTDqev8aW0A/frames/f_192.jpg	1.00	3-5-note varied vocal runs
data/video_OTDqev8aW0A/frames/f_192.jpg	0.30	DIEFEH3
data/video_OTDqev8aW0A/frames/f_192.jpg	1.00	[Melisma - Sustain Each Final Vowel Across a 3-5-Note
data/video_OTDqev8aW0A/frames/f_192.jpg	1.00	Run]
data/video_OTDqev8aW0A/frames/f_192.jpg	0.50	W48 218
data/video_OTDqev8aW0A/frames/f_192.jpg	1.00	Sample 07
data/video_OTDqev8aW0A/frames/f_192.jpg	0.30	l.ll...
data/video_OTDqev8aW0A/frames/f_193.jpg	0.30	......C
data/video_OTDqev8aW0A/frames/f_193.jpg	1.00	Melisma / Vocal Runs
data/video_OTDqev8aW0A/frames/f_193.jpg	1.00	Prompt
data/video_OTDqev8aW0A/frames/f_193.jpg	1.00	Styles
data/video_OTDqev8aW0A/frames/f_193.jpg	1.00	Sustain each final syllable
data/video_OTDqev8aW0A/frames/f_193.jpg	1.00	3-5-note varied vocal runs
data/video_OTDqev8aW0A/frames/f_193.jpg	0.30	||E|52
data/video_OTDqev8aW0A/frames/f_193.jpg	1.00	[Melisma - Sustain Each Final Vowel Across a 3-5-Note
data/video_OTDqev8aW0A/frames/f_193.jpg	1.00	Run]
data/video_OTDqev8aW0A/frames/f_193.jpg	1.00	248 218
data/video_OTDqev8aW0A/frames/f_193.jpg	1.00	Sample 07
data/video_OTDqev8aW0A/frames/f_193.jpg	0.30	•.IlI
data/video_OTDqev8aW0A/frames/f_193.jpg	0.30	1...lI
data/video_OTDqev8aW0A/frames/f_193.jpg	0.50	1..Il
data/video_OTDqev8aW0A/frames/f_194.jpg	0.50	....
data/video_OTDqev8aW0A/frames/f_194.jpg	1.00	Melisma / Vocal Runs
data/video_OTDqev8aW0A/frames/f_194.jpg	1.00	Prompt
data/video_OTDqev8aW0A/frames/f_194.jpg	1.00	Styles
data/video_OTDqev8aW0A/frames/f_194.jpg	1.00	Sustain each final syllable
data/video_OTDqev8aW0A/frames/f_194.jpg	1.00	3-5-note varied vocal runs
data/video_OTDqev8aW0A/frames/f_194.jpg	0.30	OEНH=
data/video_OTDqev8aW0A/frames/f_194.jpg	1.00	[Melisma - Sustain Each Final Vowel Across
data/video_OTDqev8aW0A/frames/f_194.jpg	1.00	a 3-5-Note
data/video_OTDqev8aW0A/frames/f_194.jpg	1.00	Run]
data/video_OTDqev8aW0A/frames/f_194.jpg	0.30	SAS18
data/video_OTDqev8aW0A/frames/f_194.jpg	1.00	Sample 07
data/video_OTDqev8aW0A/frames/f_194.jpg	0.30	Hadaneallr
data/video_OTDqev8aW0A/frames/f_195.jpg	0.50	.....
data/video_OTDqev8aW0A/frames/f_195.jpg	1.00	07
data/video_OTDqev8aW0A/frames/f_195.jpg	1.00	Melisma / Vocal Runs
data/video_OTDqev8aW0A/frames/f_195.jpg	1.00	Prompt
data/video_OTDqev8aW0A/frames/f_195.jpg	1.00	Styles
data/video_OTDqev8aW0A/frames/f_195.jpg	1.00	Sustain each final syllable
data/video_OTDqev8aW0A/frames/f_195.jpg	1.00	3-5-note varied vocal runs
data/video_OTDqev8aW0A/frames/f_195.jpg	0.30	0E|E2
data/video_OTDqev8aW0A/frames/f_195.jpg	1.00	[Melisma - Sustain Each Final Vowel Across a 3-5-Note
data/video_OTDqev8aW0A/frames/f_195.jpg	1.00	Run]
data/video_OTDqev8aW0A/frames/f_195.jpg	0.30	24818
data/video_OTDqev8aW0A/frames/f_195.jpg	1.00	Sample 07
data/video_OTDqev8aW0A/frames/f_195.jpg	0.30	lalaedrs
data/video_OTDqev8aW0A/frames/f_196.jpg	1.00	...
data/video_OTDqev8aW0A/frames/f_196.jpg	1.00	07
data/video_OTDqev8aW0A/frames/f_196.jpg	1.00	Melisma / Vocal Runs
data/video_OTDqev8aW0A/frames/f_196.jpg	1.00	Prompt
data/video_OTDqev8aW0A/frames/f_196.jpg	1.00	Styles
data/video_OTDqev8aW0A/frames/f_196.jpg	1.00	Sustain each final syllable
data/video_OTDqev8aW0A/frames/f_196.jpg	1.00	3-5-note varied vocal runs
data/video_OTDqev8aW0A/frames/f_196.jpg	0.30	O(EНEZ
data/video_OTDqev8aW0A/frames/f_196.jpg	1.00	[Melisma - Sustain Each Final Vowel Across
data/video_OTDqev8aW0A/frames/f_196.jpg	1.00	a 3-5-Note
data/video_OTDqev8aW0A/frames/f_196.jpg	1.00	Run]
data/video_OTDqev8aW0A/frames/f_196.jpg	0.30	148 28
data/video_OTDqev8aW0A/frames/f_196.jpg	1.00	Sample 07
data/video_OTDqev8aW0A/frames/f_196.jpg	0.30	bodienailı.n
data/video_OTDqev8aW0A/frames/f_197.jpg	1.00	07
data/video_OTDqev8aW0A/frames/f_197.jpg	1.00	Prompt
data/video_OTDqev8aW0A/frames/f_197.jpg	1.00	Styles
data/video_OTDqev8aW0A/frames/f_197.jpg	1.00	Sustain each final syllable
data/video_OTDqev8aW0A/frames/f_197.jpg	1.00	3-5-note varied vocal runs
data/video_OTDqev8aW0A/frames/f_197.jpg	0.30	GEE D
data/video_OTDqev8aW0A/frames/f_197.jpg	1.00	[Melisma - Sustain Each Final Vowel Across a 3-5-Note
data/video_OTDqev8aW0A/frames/f_197.jpg	1.00	Run]
data/video_OTDqev8aW0A/frames/f_197.jpg	0.30	44888
data/video_OTDqev8aW0A/frames/f_197.jpg	0.50	• •
data/video_OTDqev8aW0A/frames/f_197.jpg	1.00	Melisma / Vocal Runs
data/video_OTDqev8aW0A/frames/f_197.jpg	1.00	Sample 07
data/video_OTDqev8aW0A/frames/f_198.jpg	1.00	07
data/video_OTDqev8aW0A/frames/f_198.jpg	1.00	Prompt
data/video_OTDqev8aW0A/frames/f_198.jpg	1.00	Styles
data/video_OTDqev8aW0A/frames/f_198.jpg	1.00	Sustain each final syllable
data/video_OTDqev8aW0A/frames/f_198.jpg	1.00	3-5-note varied vocal runs
data/video_OTDqev8aW0A/frames/f_198.jpg	1.00	[Melisma - Sustain Each Final Vowel Across
data/video_OTDqev8aW0A/frames/f_198.jpg	1.00	a 3-5-Note
data/video_OTDqev8aW0A/frames/f_198.jpg	1.00	Run]
data/video_OTDqev8aW0A/frames/f_198.jpg	1.00	Melisma / Vocal Runs
data/video_OTDqev8aW0A/frames/f_198.jpg	1.00	Sample 07
data/video_OTDqev8aW0A/frames/f_198.jpg	1.00	•
data/video_OTDqev8aW0A/frames/f_199.jpg	1.00	07
data/video_OTDqev8aW0A/frames/f_199.jpg	0.30	H4828
data/video_OTDqev8aW0A/frames/f_199.jpg	1.00	Prompt
data/video_OTDqev8aW0A/frames/f_199.jpg	1.00	Styles
data/video_OTDqev8aW0A/frames/f_199.jpg	1.00	Sustain each final syllable
data/video_OTDqev8aW0A/frames/f_199.jpg	1.00	3-5-note varied vocal runs
data/video_OTDqev8aW0A/frames/f_199.jpg	1.00	EMelisma - Sustain Each Final Vowel Across a 3-5-Note
data/video_OTDqev8aW0A/frames/f_199.jpg	1.00	Run!
data/video_OTDqev8aW0A/frames/f_199.jpg	0.50	••
data/video_OTDqev8aW0A/frames/f_199.jpg	1.00	Melisma / Vocal Runs
data/video_OTDqev8aW0A/frames/f_199.jpg	1.00	Sample 07
data/video_OTDqev8aW0A/frames/f_199.jpg	1.00	•
data/video_OTDqev8aW0A/frames/f_200.jpg	1.00	08
data/video_OTDqev8aW0A/frames/f_200.jpg	0.30	HYEE
data/video_OTDqev8aW0A/frames/f_200.jpg	1.00	• Vocal Drone
data/video_OTDqev8aW0A/frames/f_200.jpg	1.00	Prompt
data/video_OTDqev8aW0A/frames/f_200.jpg	1.00	Styles
data/video_OTDqev8aW0A/frames/f_200.jpg	1.00	One continuous wordless drone
data/video_OTDqev8aW0A/frames/f_200.jpg	1.00	Dark • Breathy • Resonant
data/video_OTDqev8aW0A/frames/f_200.jpg	0.30	DEJEH=
data/video_OTDqev8aW0A/frames/f_200.jpg	1.00	[Vocal Drone - One Continuous Hum Sustained Across All
data/video_OTDqev8aW0A/frames/f_200.jpg	1.00	Four Bars]
data/video_OTDqev8aW0A/frames/f_200.jpg	0.30	448 28
data/video_OTDqev8aW0A/frames/f_200.jpg	1.00	Sample 08
data/video_OTDqev8aW0A/frames/f_201.jpg	1.00	08
data/video_OTDqev8aW0A/frames/f_201.jpg	1.00	Prompt
data/video_OTDqev8aW0A/frames/f_201.jpg	1.00	Styles
data/video_OTDqev8aW0A/frames/f_201.jpg	1.00	One continuous wordless drone
data/video_OTDqev8aW0A/frames/f_201.jpg	1.00	Dark • Breathy • Resonant
data/video_OTDqev8aW0A/frames/f_201.jpg	1.00	[Vocal Drone - One Continuous Hum Sustained Across All
data/video_OTDqev8aW0A/frames/f_201.jpg	1.00	Four Bars]
data/video_OTDqev8aW0A/frames/f_201.jpg	1.00	• Vocal Drone
data/video_OTDqev8aW0A/frames/f_201.jpg	1.00	Sample 08
data/video_OTDqev8aW0A/frames/f_202.jpg	1.00	08
data/video_OTDqev8aW0A/frames/f_202.jpg	0.30	HZEE
data/video_OTDqev8aW0A/frames/f_202.jpg	1.00	• Vocal Drone
data/video_OTDqev8aW0A/frames/f_202.jpg	1.00	Prompt
data/video_OTDqev8aW0A/frames/f_202.jpg	1.00	Styles
data/video_OTDqev8aW0A/frames/f_202.jpg	1.00	One continuous wordless drone
data/video_OTDqev8aW0A/frames/f_202.jpg	1.00	Dark • Breathy • Resonant
data/video_OTDqev8aW0A/frames/f_202.jpg	0.30	CE/E2
data/video_OTDqev8aW0A/frames/f_202.jpg	1.00	[Vocal Drone - One Continuous Hum Sustained Across All
data/video_OTDqev8aW0A/frames/f_202.jpg	1.00	Four Bars]
data/video_OTDqev8aW0A/frames/f_202.jpg	1.00	Sample 08
data/video_OTDqev8aW0A/frames/f_203.jpg	0.30	o HAEE
data/video_OTDqev8aW0A/frames/f_203.jpg	1.00	• Vocal Drone
data/video_OTDqev8aW0A/frames/f_203.jpg	1.00	Prompt
data/video_OTDqev8aW0A/frames/f_203.jpg	1.00	Styles
data/video_OTDqev8aW0A/frames/f_203.jpg	1.00	One continuous wordless drone
data/video_OTDqev8aW0A/frames/f_203.jpg	1.00	Dark • Breathy • Resonant
data/video_OTDqev8aW0A/frames/f_203.jpg	0.30	OEHENZ
data/video_OTDqev8aW0A/frames/f_203.jpg	1.00	Four Bars]
data/video_OTDqev8aW0A/frames/f_203.jpg	1.00	[Vocal Drone - One Continuous Hum Sustained Across ALL
data/video_OTDqev8aW0A/frames/f_203.jpg	0.30	448 28
data/video_OTDqev8aW0A/frames/f_203.jpg	1.00	Sample 08
data/video_OTDqev8aW0A/frames/f_204.jpg	1.00	08
data/video_OTDqev8aW0A/frames/f_204.jpg	0.30	HZEE
data/video_OTDqev8aW0A/frames/f_204.jpg	1.00	• Vocal Drone
data/video_OTDqev8aW0A/frames/f_204.jpg	1.00	Prompt
data/video_OTDqev8aW0A/frames/f_204.jpg	1.00	Styles
data/video_OTDqev8aW0A/frames/f_204.jpg	1.00	One continuous wordless drone
data/video_OTDqev8aW0A/frames/f_204.jpg	1.00	Dark • Breathy • Resonant
data/video_OTDqev8aW0A/frames/f_204.jpg	1.00	D|E|E|•
data/video_OTDqev8aW0A/frames/f_204.jpg	1.00	[Vocal Drone - One Continuous Hum Sustained Across ALl
data/video_OTDqev8aW0A/frames/f_204.jpg	1.00	Four Bars]
data/video_OTDqev8aW0A/frames/f_204.jpg	1.00	Sample 08
data/video_OTDqev8aW0A/frames/f_205.jpg	1.00	08
data/video_OTDqev8aW0A/frames/f_205.jpg	0.30	НAEE
data/video_OTDqev8aW0A/frames/f_205.jpg	1.00	Vocal Drone
data/video_OTDqev8aW0A/frames/f_205.jpg	1.00	Prompt
data/video_OTDqev8aW0A/frames/f_205.jpg	1.00	Styles
data/video_OTDqev8aW0A/frames/f_205.jpg	1.00	One continuous wordless drone
data/video_OTDqev8aW0A/frames/f_205.jpg	1.00	Dark • Breathy • Resonant
data/video_OTDqev8aW0A/frames/f_205.jpg	0.30	H4S 2E
data/video_OTDqev8aW0A/frames/f_205.jpg	1.00	Sample 08
data/video_OTDqev8aW0A/frames/f_205.jpg	1.00	[Vocal Drone - One Continuous Hum Sustained Across All
data/video_OTDqev8aW0A/frames/f_205.jpg	1.00	Four Bars]
data/video_OTDqev8aW0A/frames/f_205.jpg	0.50	8-----
data/video_OTDqev8aW0A/frames/f_206.jpg	0.50	...
data/video_OTDqev8aW0A/frames/f_206.jpg	1.00	08
data/video_OTDqev8aW0A/frames/f_206.jpg	0.30	LASE
data/video_OTDqev8aW0A/frames/f_206.jpg	1.00	• Vocal Drone
data/video_OTDqev8aW0A/frames/f_206.jpg	1.00	Prompt
data/video_OTDqev8aW0A/frames/f_206.jpg	1.00	Styles
data/video_OTDqev8aW0A/frames/f_206.jpg	1.00	One continuous wordless drone
data/video_OTDqev8aW0A/frames/f_206.jpg	1.00	Dark • Breathy • Resonant
data/video_OTDqev8aW0A/frames/f_206.jpg	0.30	MEHER=
data/video_OTDqev8aW0A/frames/f_206.jpg	1.00	[Vocal Drone - One Continuous Hum Sustained Across ALl
data/video_OTDqev8aW0A/frames/f_206.jpg	1.00	Four Bars]
data/video_OTDqev8aW0A/frames/f_206.jpg	0.30	SAS1E
data/video_OTDqev8aW0A/frames/f_206.jpg	1.00	Sample 08
data/video_OTDqev8aW0A/frames/f_206.jpg	1.00	Wordless Hum
data/video_OTDqev8aW0A/frames/f_206.jpg	0.30	HAdar..
data/video_OTDqev8aW0A/frames/f_207.jpg	0.30	o SAEE
data/video_OTDqev8aW0A/frames/f_207.jpg	1.00	Vocal Drone
data/video_OTDqev8aW0A/frames/f_207.jpg	1.00	Prompt
data/video_OTDqev8aW0A/frames/f_207.jpg	1.00	Styles
data/video_OTDqev8aW0A/frames/f_207.jpg	1.00	One continuous wordless drone
data/video_OTDqev8aW0A/frames/f_207.jpg	1.00	Dark • Breathy Resonant
data/video_OTDqev8aW0A/frames/f_207.jpg	0.30	DI|E|E|2
data/video_OTDqev8aW0A/frames/f_207.jpg	1.00	[Vocal Drone - One Continuous Hum Sustained Across All
data/video_OTDqev8aW0A/frames/f_207.jpg	1.00	Four Bars]
data/video_OTDqev8aW0A/frames/f_207.jpg	0.30	·418 28
data/video_OTDqev8aW0A/frames/f_207.jpg	1.00	Sample 08
data/video_OTDqev8aW0A/frames/f_207.jpg	1.00	TII
data/video_OTDqev8aW0A/frames/f_207.jpg	1.00	Wordless Hum
data/video_OTDqev8aW0A/frames/f_207.jpg	0.30	.1i....ıl
data/video_OTDqev8aW0A/frames/f_208.jpg	1.00	08
data/video_OTDqev8aW0A/frames/f_208.jpg	0.30	SZSE
data/video_OTDqev8aW0A/frames/f_208.jpg	1.00	• Vocal Drone
data/video_OTDqev8aW0A/frames/f_208.jpg	1.00	Prompt
data/video_OTDqev8aW0A/frames/f_208.jpg	1.00	Styles
data/video_OTDqev8aW0A/frames/f_208.jpg	1.00	One continuous wordless drone
data/video_OTDqev8aW0A/frames/f_208.jpg	1.00	Dark • Breathy • Resonant
data/video_OTDqev8aW0A/frames/f_208.jpg	0.30	DgEHEZ
data/video_OTDqev8aW0A/frames/f_208.jpg	1.00	Four Bars]
data/video_OTDqev8aW0A/frames/f_208.jpg	1.00	[Vocal Drone - One Continuous Hum Sustained Across ALL
data/video_OTDqev8aW0A/frames/f_208.jpg	0.30	MAS 2R
data/video_OTDqev8aW0A/frames/f_208.jpg	1.00	Sample 08
data/video_OTDqev8aW0A/frames/f_208.jpg	1.00	-
data/video_OTDqev8aW0A/frames/f_208.jpg	1.00	Wordless Hum
data/video_OTDqev8aW0A/frames/f_209.jpg	1.00	08
data/video_OTDqev8aW0A/frames/f_209.jpg	0.30	HZEE
data/video_OTDqev8aW0A/frames/f_209.jpg	1.00	Vocal Drone
data/video_OTDqev8aW0A/frames/f_209.jpg	1.00	Prompt
data/video_OTDqev8aW0A/frames/f_209.jpg	1.00	Styles
data/video_OTDqev8aW0A/frames/f_209.jpg	1.00	One continuous wordless drone
data/video_OTDqev8aW0A/frames/f_209.jpg	1.00	Dark • Breathy • Resonant
data/video_OTDqev8aW0A/frames/f_209.jpg	0.30	OEHEZ
data/video_OTDqev8aW0A/frames/f_209.jpg	1.00	[Vocal Drone - One Continuous Hum Sustained Across ALL
data/video_OTDqev8aW0A/frames/f_209.jpg	1.00	Four Bars]
data/video_OTDqev8aW0A/frames/f_209.jpg	1.00	Sample 08
data/video_OTDqev8aW0A/frames/f_209.jpg	1.00	Wordless Hum
data/video_OTDqev8aW0A/frames/f_209.jpg	0.30	ddanlrnala
data/video_OTDqev8aW0A/frames/f_209.jpg	1.00	8-
data/video_OTDqev8aW0A/frames/f_210.jpg	0.30	o HAEE
data/video_OTDqev8aW0A/frames/f_210.jpg	1.00	Vocal Drone
data/video_OTDqev8aW0A/frames/f_210.jpg	1.00	Prompt
data/video_OTDqev8aW0A/frames/f_210.jpg	1.00	Styles
data/video_OTDqev8aW0A/frames/f_210.jpg	1.00	One continuous wordless drone
data/video_OTDqev8aW0A/frames/f_210.jpg	1.00	Dark Breathy• Resonant
data/video_OTDqev8aW0A/frames/f_210.jpg	1.00	Sample 08
data/video_OTDqev8aW0A/frames/f_210.jpg	1.00	Wordless Hum
data/video_OTDqev8aW0A/frames/f_210.jpg	0.30	HEAIn..
data/video_OTDqev8aW0A/frames/f_210.jpg	1.00	[Vocal Drone - One Continuous Hum Sustained Across All
data/video_OTDqev8aW0A/frames/f_210.jpg	1.00	Four Bars]
data/video_OTDqev8aW0A/frames/f_211.jpg	1.00	08
data/video_OTDqev8aW0A/frames/f_211.jpg	1.00	Prompt
data/video_OTDqev8aW0A/frames/f_211.jpg	1.00	Styles
data/video_OTDqev8aW0A/frames/f_211.jpg	1.00	One continuous wordless drone
data/video_OTDqev8aW0A/frames/f_211.jpg	1.00	Dark : Breathy Resonant
data/video_OTDqev8aW0A/frames/f_211.jpg	0.30	DELEHZZ
data/video_OTDqev8aW0A/frames/f_211.jpg	1.00	[Vocal Drone - One Continuous Hum Sustained Across All
data/video_OTDqev8aW0A/frames/f_211.jpg	1.00	Four Bars]
data/video_OTDqev8aW0A/frames/f_211.jpg	1.00	8-
data/video_OTDqev8aW0A/frames/f_211.jpg	0.30	H418 28
data/video_OTDqev8aW0A/frames/f_211.jpg	1.00	• Vocal Drone
data/video_OTDqev8aW0A/frames/f_211.jpg	1.00	Sample 08
data/video_OTDqev8aW0A/frames/f_211.jpg	1.00	Wordless Hum
data/video_OTDqev8aW0A/frames/f_211.jpg	0.30	.IlI
data/video_OTDqev8aW0A/frames/f_212.jpg	1.00	08
data/video_OTDqev8aW0A/frames/f_212.jpg	1.00	Prompt
data/video_OTDqev8aW0A/frames/f_212.jpg	1.00	Styles
data/video_OTDqev8aW0A/frames/f_212.jpg	1.00	One continuous wordless drone
data/video_OTDqev8aW0A/frames/f_212.jpg	1.00	Dark • Breathy • Resonant
data/video_OTDqev8aW0A/frames/f_212.jpg	0.30	0|E|E|=
data/video_OTDqev8aW0A/frames/f_212.jpg	1.00	[Vocal Drone - One Continuous Hum Sustained Across ALl
data/video_OTDqev8aW0A/frames/f_212.jpg	1.00	Four Bars]
data/video_OTDqev8aW0A/frames/f_212.jpg	1.00	8-
data/video_OTDqev8aW0A/frames/f_212.jpg	0.30	34815
data/video_OTDqev8aW0A/frames/f_212.jpg	1.00	Vocal Drone
data/video_OTDqev8aW0A/frames/f_212.jpg	1.00	Sample 08
data/video_OTDqev8aW0A/frames/f_212.jpg	1.00	Wordless Hum
data/video_OTDqev8aW0A/frames/f_212.jpg	0.30	ddaadlnl
data/video_OTDqev8aW0A/frames/f_212.jpg	0.50	…ll..
data/video_OTDqev8aW0A/frames/f_213.jpg	1.00	08
data/video_OTDqev8aW0A/frames/f_213.jpg	0.30	1ASE
data/video_OTDqev8aW0A/frames/f_213.jpg	1.00	• Vocal Drone
data/video_OTDqev8aW0A/frames/f_213.jpg	1.00	Prompt
data/video_OTDqev8aW0A/frames/f_213.jpg	1.00	Styles
data/video_OTDqev8aW0A/frames/f_213.jpg	1.00	One continuous wordless drone
data/video_OTDqev8aW0A/frames/f_213.jpg	1.00	Dark • Breathy• Resonant
data/video_OTDqev8aW0A/frames/f_213.jpg	0.30	DELEZ
data/video_OTDqev8aW0A/frames/f_213.jpg	1.00	[Vocal Drone - One Continuous Hum Sustained Across ALL
data/video_OTDqev8aW0A/frames/f_213.jpg	1.00	Four Bars]
data/video_OTDqev8aW0A/frames/f_213.jpg	1.00	g-
data/video_OTDqev8aW0A/frames/f_213.jpg	0.30	WA8 242
data/video_OTDqev8aW0A/frames/f_213.jpg	1.00	Sample 08
data/video_OTDqev8aW0A/frames/f_213.jpg	1.00	Wordless Hum
data/video_OTDqev8aW0A/frames/f_213.jpg	0.30	Haalanilr.
data/video_OTDqev8aW0A/frames/f_214.jpg	1.00	08
data/video_OTDqev8aW0A/frames/f_214.jpg	0.30	HYEE
data/video_OTDqev8aW0A/frames/f_214.jpg	1.00	Vocal Drone
data/video_OTDqev8aW0A/frames/f_214.jpg	0.30	SMDISTE2
data/video_OTDqev8aW0A/frames/f_214.jpg	1.00	Prompt
data/video_OTDqev8aW0A/frames/f_214.jpg	1.00	Styles
data/video_OTDqev8aW0A/frames/f_214.jpg	1.00	One continuous wordless drone
data/video_OTDqev8aW0A/frames/f_214.jpg	1.00	Dark • Breathy • Resonant
data/video_OTDqev8aW0A/frames/f_214.jpg	0.30	N4822
data/video_OTDqev8aW0A/frames/f_214.jpg	1.00	Sample 08
data/video_OTDqev8aW0A/frames/f_214.jpg	1.00	[Vocal Drone - One Continuous Hum Sustained Across ALL
data/video_OTDqev8aW0A/frames/f_214.jpg	1.00	Four Bars]
data/video_OTDqev8aW0A/frames/f_215.jpg	1.00	08
data/video_OTDqev8aW0A/frames/f_215.jpg	0.30	HZEE
data/video_OTDqev8aW0A/frames/f_215.jpg	1.00	• Vocal Drone
data/video_OTDqev8aW0A/frames/f_215.jpg	1.00	Prompt
data/video_OTDqev8aW0A/frames/f_215.jpg	1.00	Styles
data/video_OTDqev8aW0A/frames/f_215.jpg	1.00	One continuous wordless drone
data/video_OTDqev8aW0A/frames/f_215.jpg	1.00	Dark • Breathy • Resonant
data/video_OTDqev8aW0A/frames/f_215.jpg	0.30	OELEE
data/video_OTDqev8aW0A/frames/f_215.jpg	1.00	[Vocal Drone - One Continuous Hum Sustained Across ALL
data/video_OTDqev8aW0A/frames/f_215.jpg	1.00	Four Bars]
data/video_OTDqev8aW0A/frames/f_215.jpg	0.30	44S20
data/video_OTDqev8aW0A/frames/f_215.jpg	1.00	Sample 08
data/video_OTDqev8aW0A/frames/f_216.jpg	1.00	08
data/video_OTDqev8aW0A/frames/f_216.jpg	0.30	HZEE
data/video_OTDqev8aW0A/frames/f_216.jpg	1.00	Vocal Drone
data/video_OTDqev8aW0A/frames/f_216.jpg	1.00	Prompt
data/video_OTDqev8aW0A/frames/f_216.jpg	1.00	Styles
data/video_OTDqev8aW0A/frames/f_216.jpg	1.00	One continuous wordless drone
data/video_OTDqev8aW0A/frames/f_216.jpg	1.00	Dark • Breathy • Resonant
data/video_OTDqev8aW0A/frames/f_216.jpg	0.30	WAS2E
data/video_OTDqev8aW0A/frames/f_216.jpg	1.00	Sample 08
data/video_OTDqev8aW0A/frames/f_216.jpg	1.00	[Vocal Drone - One Continuous Hum Sustained Across ALL
data/video_OTDqev8aW0A/frames/f_216.jpg	1.00	Four Bars]
data/video_OTDqev8aW0A/frames/f_217.jpg	1.00	02
data/video_OTDqev8aW0A/frames/f_218.jpg	1.00	01
data/video_OTDqev8aW0A/frames/f_218.jpg	1.00	05
data/video_OTDqev8aW0A/frames/f_218.jpg	1.00	03
data/video_OTDqev8aW0A/frames/f_218.jpg	1.00	06
data/video_OTDqev8aW0A/frames/f_218.jpg	1.00	04
data/video_OTDqev8aW0A/frames/f_218.jpg	1.00	08
data/video_OTDqev8aW0A/frames/f_219.jpg	1.00	05
data/video_OTDqev8aW0A/frames/f_219.jpg	1.00	02
data/video_OTDqev8aW0A/frames/f_219.jpg	0.50	ARE 9E
data/video_OTDqev8aW0A/frames/f_219.jpg	1.00	06
data/video_OTDqev8aW0A/frames/f_219.jpg	1.00	03
data/video_OTDqev8aW0A/frames/f_219.jpg	0.30	9537
data/video_OTDqev8aW0A/frames/f_219.jpg	1.00	08
data/video_OTDqev8aW0A/frames/f_220.jpg	0.50	ОБ
data/video_OTDqev8aW0A/frames/f_220.jpg	0.50	QER
data/video_OTDqev8aW0A/frames/f_220.jpg	0.30	oz ^KZ9E
data/video_OTDqev8aW0A/frames/f_220.jpg	1.00	03
data/video_OTDqev8aW0A/frames/f_220.jpg	0.30	RERT
data/video_OTDqev8aW0A/frames/f_220.jpg	0.30	aаlA
data/video_OTDqev8aW0A/frames/f_220.jpg	0.30	Даjаzla
data/video_OTDqev8aW0A/frames/f_221.jpg	0.30	o2 ARE 95
data/video_OTDqev8aW0A/frames/f_221.jpg	1.00	03
data/video_OTDqev8aW0A/frames/f_221.jpg	0.30	даага
data/video_OTDqev8aW0A/frames/f_222.jpg	1.00	15
data/video_OTDqev8aW0A/frames/f_222.jpg	1.00	02
data/video_OTDqev8aW0A/frames/f_222.jpg	0.30	AXE 9E
data/video_OTDqev8aW0A/frames/f_223.jpg	0.30	Фz•| ·∞Œ
data/video_OTDqev8aW0A/frames/f_223.jpg	1.00	Intro
data/video_OTDqev8aW0A/frames/f_223.jpg	1.00	V1
data/video_OTDqev8aW0A/frames/f_223.jpg	1.00	PC
data/video_OTDqev8aW0A/frames/f_223.jpg	1.00	Chorus
data/video_OTDqev8aW0A/frames/f_223.jpg	1.00	V2
data/video_OTDqev8aW0A/frames/f_224.jpg	1.00	Intro
data/video_OTDqev8aW0A/frames/f_224.jpg	1.00	V1
data/video_OTDqev8aW0A/frames/f_224.jpg	1.00	PC
data/video_OTDqev8aW0A/frames/f_224.jpg	1.00	Chorus
data/video_OTDqev8aW0A/frames/f_224.jpg	1.00	V2
data/video_OTDqev8aW0A/frames/f_224.jpg	1.00	PC
data/video_OTDqev8aW0A/frames/f_224.jpg	1.00	Chorus
data/video_OTDqev8aW0A/frames/f_224.jpg	1.00	Bridge
data/video_OTDqev8aW0A/frames/f_224.jpg	1.00	Chorus
data/video_OTDqev8aW0A/frames/f_224.jpg	1.00	Outro
data/video_OTDqev8aW0A/frames/f_225.jpg	1.00	Intro
data/video_OTDqev8aW0A/frames/f_225.jpg	1.00	V1
data/video_OTDqev8aW0A/frames/f_225.jpg	1.00	PC
data/video_OTDqev8aW0A/frames/f_225.jpg	1.00	Chorus
data/video_OTDqev8aW0A/frames/f_225.jpg	0.30	HASE
data/video_OTDqev8aW0A/frames/f_225.jpg	0.30	·TEOlOF
data/video_OTDqev8aW0A/frames/f_225.jpg	0.30	PBR&B • 600}c]
data/video_OTDqev8aW0A/frames/f_225.jpg	1.00	V2
data/video_OTDqev8aW0A/frames/f_225.jpg	1.00	PC
data/video_OTDqev8aW0A/frames/f_225.jpg	1.00	Chorus
data/video_OTDqev8aW0A/frames/f_225.jpg	1.00	Bridge
data/video_OTDqev8aW0A/frames/f_225.jpg	1.00	Chorus
data/video_OTDqev8aW0A/frames/f_225.jpg	1.00	Outro
data/video_OTDqev8aW0A/frames/f_226.jpg	1.00	Intro
data/video_OTDqev8aW0A/frames/f_226.jpg	1.00	V1
data/video_OTDqev8aW0A/frames/f_226.jpg	1.00	PC
data/video_OTDqev8aW0A/frames/f_226.jpg	1.00	Chorus
data/video_OTDqev8aW0A/frames/f_226.jpg	1.00	V2
data/video_OTDqev8aW0A/frames/f_226.jpg	1.00	PC
data/video_OTDqev8aW0A/frames/f_226.jpg	1.00	Chorus
data/video_OTDqev8aW0A/frames/f_226.jpg	1.00	Bridge
data/video_OTDqev8aW0A/frames/f_226.jpg	1.00	Chorus
data/video_OTDqev8aW0A/frames/f_226.jpg	1.00	Outro
data/video_OTDqev8aW0A/frames/f_227.jpg	0.30	54.40)
data/video_OTDqev8aW0A/frames/f_227.jpg	0.30	MEE.PBR&B• 3:32
data/video_OTDqev8aW0A/frames/f_227.jpg	0.30	1..Лn...lл.
data/video_OTDqev8aW0A/frames/f_227.jpg	1.00	Intro
data/video_OTDqev8aW0A/frames/f_228.jpg	0.30	E.PBR&B • 3:32
data/video_OTDqev8aW0A/frames/f_228.jpg	1.00	..Il
data/video_OTDqev8aW0A/frames/f_228.jpg	1.00	Intro
data/video_OTDqev8aW0A/frames/f_228.jpg	0.30	(95eLO)
data/video_OTDqev8aW0A/frames/f_228.jpg	0.30	(..40901)
data/video_OTDqev8aW0A/frames/f_229.jpg	0.30	.PBR&B• 3:32
data/video_OTDqev8aW0A/frames/f_229.jpg	1.00	Intro
data/video_OTDqev8aW0A/frames/f_230.jpg	0.30	.PBR&B • 3:32
data/video_OTDqev8aW0A/frames/f_230.jpg	1.00	Intro
data/video_OTDqev8aW0A/frames/f_230.jpg	0.30	(AEN.40E)
data/video_OTDqev8aW0A/frames/f_231.jpg	0.30	.PBR&B• 3:32
data/video_OTDqev8aW0A/frames/f_231.jpg	0.30	•.Ло.По.
data/video_OTDqev8aW0A/frames/f_231.jpg	1.00	Intro
data/video_OTDqev8aW0A/frames/f_231.jpg	0.30	(9HNR.LOL)
data/video_OTDqev8aW0A/frames/f_232.jpg	1.00	1..
data/video_OTDqev8aW0A/frames/f_232.jpg	0.50	.PBR&B-3:32
data/video_OTDqev8aW0A/frames/f_232.jpg	0.30	m0..1
data/video_OTDqev8aW0A/frames/f_232.jpg	1.00	m..I
data/video_OTDqev8aW0A/frames/f_232.jpg	1.00	Intro
data/video_OTDqev8aW0A/frames/f_232.jpg	0.30	9540)
data/video_OTDqev8aW0A/frames/f_233.jpg	0.50	.PBR&B-3:32
data/video_OTDqev8aW0A/frames/f_233.jpg	0.30	dtnctnd
data/video_OTDqev8aW0A/frames/f_233.jpg	1.00	Intro
data/video_OTDqev8aW0A/frames/f_233.jpg	0.30	9540)
data/video_OTDqev8aW0A/frames/f_234.jpg	0.30	.PBR&B-3:32
data/video_OTDqev8aW0A/frames/f_234.jpg	0.30	ducaluod
data/video_OTDqev8aW0A/frames/f_234.jpg	1.00	Verse
data/video_OTDqev8aW0A/frames/f_234.jpg	0.30	(42290(2)
data/video_OTDqev8aW0A/frames/f_235.jpg	0.30	E.PBR&B • 3:32
data/video_OTDqev8aW0A/frames/f_235.jpg	1.00	Verse
data/video_OTDqev8aW0A/frames/f_235.jpg	0.30	(ЧЕМя 40)
data/video_OTDqev8aW0A/frames/f_236.jpg	0.30	E.PBR&B• 3:32
data/video_OTDqev8aW0A/frames/f_236.jpg	0.30	1..l
data/video_OTDqev8aW0A/frames/f_236.jpg	0.30	1..1ll
data/video_OTDqev8aW0A/frames/f_236.jpg	1.00	Verse
data/video_OTDqev8aW0A/frames/f_237.jpg	0.30	ME.PBR&B • 3:32
data/video_OTDqev8aW0A/frames/f_237.jpg	0.30	h..dolo
data/video_OTDqev8aW0A/frames/f_237.jpg	1.00	Verse
data/video_OTDqev8aW0A/frames/f_237.jpg	0.30	(..4,2901?)
data/video_OTDqev8aW0A/frames/f_238.jpg	0.30	E.PBR&B • 3:32
data/video_OTDqev8aW0A/frames/f_238.jpg	0.30	1.n.dnll.
data/video_OTDqev8aW0A/frames/f_238.jpg	1.00	Verse
data/video_OTDqev8aW0A/frames/f_238.jpg	1.00	1
data/video_OTDqev8aW0A/frames/f_239.jpg	0.30	E.PBR&B • 3:32
data/video_OTDqev8aW0A/frames/f_239.jpg	0.30	Lolen.
data/video_OTDqev8aW0A/frames/f_239.jpg	1.00	Verse
data/video_OTDqev8aW0A/frames/f_240.jpg	0.30	EE.PBR&B • 3:32
data/video_OTDqev8aW0A/frames/f_240.jpg	1.00	Verse
data/video_OTDqev8aW0A/frames/f_241.jpg	0.30	EE.PBR&B • 3:32
data/video_OTDqev8aW0A/frames/f_241.jpg	0.30	Lilomb
data/video_OTDqev8aW0A/frames/f_241.jpg	1.00	Verse
data/video_OTDqev8aW0A/frames/f_242.jpg	0.30	.PBR&B• 3:32
data/video_OTDqev8aW0A/frames/f_242.jpg	0.30	.bmhu
data/video_OTDqev8aW0A/frames/f_242.jpg	1.00	Verse
data/video_OTDqev8aW0A/frames/f_243.jpg	0.30	.PBR&B -3:32
data/video_OTDqev8aW0A/frames/f_243.jpg	1.00	Verse
data/video_OTDqev8aW0A/frames/f_244.jpg	0.30	.PBR&B-3:32
data/video_OTDqev8aW0A/frames/f_244.jpg	1.00	Verse
data/video_OTDqev8aW0A/frames/f_245.jpg	0.30	E.PBR&B • 3:32
data/video_OTDqev8aW0A/frames/f_245.jpg	0.30	nlanlemnll
data/video_OTDqev8aW0A/frames/f_245.jpg	1.00	Verse
data/video_OTDqev8aW0A/frames/f_246.jpg	0.30	.PBR&B-3:32
data/video_OTDqev8aW0A/frames/f_246.jpg	0.30	ahhil
data/video_OTDqev8aW0A/frames/f_246.jpg	1.00	Verse
data/video_OTDqev8aW0A/frames/f_246.jpg	0.30	azlE 12l
data/video_OTDqev8aW0A/frames/f_247.jpg	0.30	E.PBR&B• 3:32
data/video_OTDqev8aW0A/frames/f_247.jpg	0.30	ih.hh
data/video_OTDqev8aW0A/frames/f_247.jpg	1.00	Verse
data/video_OTDqev8aW0A/frames/f_247.jpg	0.30	azlE 12l
data/video_OTDqev8aW0A/frames/f_248.jpg	0.30	E.PBR&B • 3:32
data/video_OTDqev8aW0A/frames/f_248.jpg	0.30	1onl.nl
data/video_OTDqev8aW0A/frames/f_248.jpg	1.00	Pre-Chorus
data/video_OTDqev8aW0A/frames/f_248.jpg	0.30	rale дel
data/video_OTDqev8aW0A/frames/f_249.jpg	0.30	E.PBR&B • 3:32
data/video_OTDqev8aW0A/frames/f_249.jpg	0.30	,...
data/video_OTDqev8aW0A/frames/f_249.jpg	1.00	Pre-Chorus
data/video_OTDqev8aW0A/frames/f_249.jpg	0.30	xale 1al
data/video_OTDqev8aW0A/frames/f_250.jpg	0.30	EE.PBR&B • 3:32
data/video_OTDqev8aW0A/frames/f_250.jpg	1.00	11...
data/video_OTDqev8aW0A/frames/f_250.jpg	1.00	Pre-Chorus
data/video_OTDqev8aW0A/frames/f_250.jpg	0.30	HACE
data/video_OTDqev8aW0A/frames/f_250.jpg	0.30	XalE 121
data/video_OTDqev8aW0A/frames/f_251.jpg	0.30	.PBR&B-3:32
data/video_OTDqev8aW0A/frames/f_251.jpg	1.00	..h....l....
data/video_OTDqev8aW0A/frames/f_251.jpg	1.00	Pre-Chorus
data/video_OTDqev8aW0A/frames/f_251.jpg	0.30	HACE
data/video_OTDqev8aW0A/frames/f_251.jpg	0.30	жalE 121
data/video_OTDqev8aW0A/frames/f_252.jpg	0.30	EE.PBR&B • 3:32
data/video_OTDqev8aW0A/frames/f_252.jpg	0.30	....i
data/video_OTDqev8aW0A/frames/f_252.jpg	0.30	...l
data/video_OTDqev8aW0A/frames/f_252.jpg	0.30	xale 12l
data/video_OTDqev8aW0A/frames/f_252.jpg	1.00	Pre-Chorus
data/video_OTDqev8aW0A/frames/f_253.jpg	0.30	0 =|}
data/video_OTDqev8aW0A/frames/f_253.jpg	0.30	EE.PBR&B • 3:32
data/video_OTDqev8aW0A/frames/f_253.jpg	1.00	Pre-Chorus
data/video_OTDqev8aW0A/frames/f_254.jpg	0.30	SE.PBR&B • 3:32
data/video_OTDqev8aW0A/frames/f_254.jpg	0.30	.1m..lrn..l
data/video_OTDqev8aW0A/frames/f_254.jpg	1.00	Pre-Chorus
data/video_OTDqev8aW0A/frames/f_255.jpg	0.30	xalE 12l
data/video_OTDqev8aW0A/frames/f_255.jpg	0.30	EE.PBR&B • 3:32
data/video_OTDqev8aW0A/frames/f_255.jpg	0.30	.1m..Imn..He
data/video_OTDqev8aW0A/frames/f_255.jpg	1.00	Chorus
data/video_OTDqev8aW0A/frames/f_256.jpg	0.50	.PBR&B-3:32
data/video_OTDqev8aW0A/frames/f_256.jpg	0.30	1n.dındn
data/video_OTDqev8aW0A/frames/f_256.jpg	1.00	Chorus
data/video_OTDqev8aW0A/frames/f_257.jpg	0.30	E.PBR&B • 3:32
data/video_OTDqev8aW0A/frames/f_257.jpg	0.30	Inodbodn
data/video_OTDqev8aW0A/frames/f_257.jpg	1.00	Chorus
data/video_OTDqev8aW0A/frames/f_258.jpg	0.30	.PBR&B • 3:32
data/video_OTDqev8aW0A/frames/f_258.jpg	0.30	Inalnln.
data/video_OTDqev8aW0A/frames/f_258.jpg	1.00	Chorus
data/video_OTDqev8aW0A/frames/f_259.jpg	0.30	E.PBR&B • 3:32
data/video_OTDqev8aW0A/frames/f_259.jpg	0.30	1ln.
data/video_OTDqev8aW0A/frames/f_259.jpg	1.00	Chorus
data/video_OTDqev8aW0A/frames/f_260.jpg	0.30	.PBR&B• 3:32
data/video_OTDqev8aW0A/frames/f_260.jpg	0.30	в.lо..lob..
data/video_OTDqev8aW0A/frames/f_260.jpg	1.00	Chorus
data/video_OTDqev8aW0A/frames/f_261.jpg	0.30	.PBR&B• 3:32
data/video_OTDqev8aW0A/frames/f_261.jpg	1.00	Chorus
data/video_OTDqev8aW0A/frames/f_262.jpg	0.30	.PBR&B• 3:32
data/video_OTDqev8aW0A/frames/f_262.jpg	1.00	1..Il
data/video_OTDqev8aW0A/frames/f_262.jpg	1.00	Chorus
data/video_OTDqev8aW0A/frames/f_263.jpg	0.30	.PBR&B• 3:32
data/video_OTDqev8aW0A/frames/f_263.jpg	0.30	.dnldodl..ol0
data/video_OTDqev8aW0A/frames/f_263.jpg	1.00	Chorus
data/video_OTDqev8aW0A/frames/f_264.jpg	0.30	E.PBR&B• 3:32
data/video_OTDqev8aW0A/frames/f_264.jpg	1.00	Chorus
data/video_OTDqev8aW0A/frames/f_264.jpg	0.30	HHHH HRHE H0™
data/video_OTDqev8aW0A/frames/f_265.jpg	0.30	.PBR&B • 3:32
data/video_OTDqev8aW0A/frames/f_265.jpg	0.30	mnboadlond
data/video_OTDqev8aW0A/frames/f_265.jpg	1.00	Chorus
data/video_OTDqev8aW0A/frames/f_266.jpg	0.30	.PBR&B • 3:32
data/video_OTDqev8aW0A/frames/f_266.jpg	0.30	1..000ll
data/video_OTDqev8aW0A/frames/f_266.jpg	1.00	Chorus
data/video_OTDqev8aW0A/frames/f_267.jpg	0.30	.PBR&B • 3:32
data/video_OTDqev8aW0A/frames/f_267.jpg	0.30	.llmll.
data/video_OTDqev8aW0A/frames/f_267.jpg	1.00	Chorus
data/video_OTDqev8aW0A/frames/f_268.jpg	0.30	.PBR&B• 3:32
data/video_OTDqev8aW0A/frames/f_268.jpg	0.30	1ll..
data/video_OTDqev8aW0A/frames/f_268.jpg	1.00	Chorus
data/video_OTDqev8aW0A/frames/f_268.jpg	0.30	THUH EXE T8 TH
data/video_OTDqev8aW0A/frames/f_269.jpg	0.50	ME.PBR&B • 3:32
data/video_OTDqev8aW0A/frames/f_269.jpg	0.30	ho.nlh..nlh..
data/video_OTDqev8aW0A/frames/f_269.jpg	1.00	Verse
data/video_OTDqev8aW0A/frames/f_269.jpg	1.00	2
data/video_OTDqev8aW0A/frames/f_270.jpg	1.00	1..
data/video_OTDqev8aW0A/frames/f_270.jpg	0.30	E.PBR&B -3:32
data/video_OTDqev8aW0A/frames/f_270.jpg	0.30	1.ndl.
data/video_OTDqev8aW0A/frames/f_270.jpg	1.00	Verse
data/video_OTDqev8aW0A/frames/f_270.jpg	1.00	2
data/video_OTDqev8aW0A/frames/f_271.jpg	0.30	.PBR&B• 3:32
data/video_OTDqev8aW0A/frames/f_271.jpg	0.30	.ml.ml..u
data/video_OTDqev8aW0A/frames/f_271.jpg	1.00	Verse
data/video_OTDqev8aW0A/frames/f_272.jpg	0.30	.PBR&B• 3:32
data/video_OTDqev8aW0A/frames/f_272.jpg	1.00	Verse
data/video_OTDqev8aW0A/frames/f_273.jpg	0.30	E.PBR&B • 3:32
data/video_OTDqev8aW0A/frames/f_273.jpg	0.30	mlomll.ond
data/video_OTDqev8aW0A/frames/f_273.jpg	1.00	Verse
data/video_OTDqev8aW0A/frames/f_274.jpg	0.50	.PBR&B-3:32
data/video_OTDqev8aW0A/frames/f_274.jpg	0.30	ahih.nll
data/video_OTDqev8aW0A/frames/f_274.jpg	1.00	Verse
data/video_OTDqev8aW0A/frames/f_274.jpg	1.00	2
data/video_OTDqev8aW0A/frames/f_275.jpg	0.50	.PBR&B-3:32
data/video_OTDqev8aW0A/frames/f_275.jpg	0.30	d.nahl
data/video_OTDqev8aW0A/frames/f_275.jpg	1.00	Verse
data/video_OTDqev8aW0A/frames/f_276.jpg	0.30	ME.PBR&B • 3:32
data/video_OTDqev8aW0A/frames/f_276.jpg	0.30	..l...l.
data/video_OTDqev8aW0A/frames/f_276.jpg	1.00	Verse
data/video_OTDqev8aW0A/frames/f_276.jpg	1.00	2
data/video_OTDqev8aW0A/frames/f_277.jpg	0.30	EE.PBR&B • 3:32
data/video_OTDqev8aW0A/frames/f_277.jpg	0.30	lo.ln.lln
data/video_OTDqev8aW0A/frames/f_277.jpg	1.00	Verse
data/video_OTDqev8aW0A/frames/f_278.jpg	0.30	E.PBR&B• 3:32
data/video_OTDqev8aW0A/frames/f_278.jpg	0.30	l.lon..Hu
data/video_OTDqev8aW0A/frames/f_278.jpg	1.00	Verse
data/video_OTDqev8aW0A/frames/f_279.jpg	1.00	.PBR&B-3:32
data/video_OTDqev8aW0A/frames/f_279.jpg	0.30	m.Inolon.
data/video_OTDqev8aW0A/frames/f_279.jpg	1.00	Verse
data/video_OTDqev8aW0A/frames/f_280.jpg	0.30	E.PBR&B • 3:32
data/video_OTDqev8aW0A/frames/f_280.jpg	0.30	a.n.dln.
data/video_OTDqev8aW0A/frames/f_280.jpg	1.00	Verse
data/video_OTDqev8aW0A/frames/f_280.jpg	1.00	2
data/video_OTDqev8aW0A/frames/f_280.jpg	0.30	ATO ESPE
data/video_OTDqev8aW0A/frames/f_281.jpg	0.50	.PBR&B-3:32
data/video_OTDqev8aW0A/frames/f_281.jpg	0.30	•..I
data/video_OTDqev8aW0A/frames/f_281.jpg	1.00	Verse 2
data/video_OTDqev8aW0A/frames/f_282.jpg	0.30	.PBR&B-3:32
data/video_OTDqev8aW0A/frames/f_282.jpg	1.00	Verse 2
data/video_OTDqev8aW0A/frames/f_283.jpg	0.30	ME.PBR&B • 3:32
data/video_OTDqev8aW0A/frames/f_283.jpg	0.50	.Ion..Hon..1l
data/video_OTDqev8aW0A/frames/f_283.jpg	1.00	Pre-Chorus
data/video_OTDqev8aW0A/frames/f_283.jpg	0.30	SASE
data/video_OTDqev8aW0A/frames/f_284.jpg	0.30	.PBR&B• 3:32
data/video_OTDqev8aW0A/frames/f_284.jpg	0.30	1o..on.de
data/video_OTDqev8aW0A/frames/f_284.jpg	1.00	Pre-Chorus
data/video_OTDqev8aW0A/frames/f_285.jpg	0.30	E•PBR&B • 3:32
data/video_OTDqev8aW0A/frames/f_285.jpg	0.30	dmnonou
data/video_OTDqev8aW0A/frames/f_285.jpg	1.00	Pre-Chorus
data/video_OTDqev8aW0A/frames/f_285.jpg	0.30	SAEE
data/video_OTDqev8aW0A/frames/f_286.jpg	0.30	E.PBR&B• 3:32
data/video_OTDqev8aW0A/frames/f_286.jpg	0.50	1..1l
data/video_OTDqev8aW0A/frames/f_286.jpg	1.00	Pre-Chorus
data/video_OTDqev8aW0A/frames/f_286.jpg	0.30	SASE
data/video_OTDqev8aW0A/frames/f_287.jpg	0.30	E.PBR&B• 3:32
data/video_OTDqev8aW0A/frames/f_287.jpg	0.30	1hlnbll
data/video_OTDqev8aW0A/frames/f_287.jpg	1.00	Pre-Chorus
data/video_OTDqev8aW0A/frames/f_287.jpg	0.30	TaE Eo
data/video_OTDqev8aW0A/frames/f_288.jpg	0.30	.PBR&B • 3:32
data/video_OTDqev8aW0A/frames/f_288.jpg	1.00	Pre-Chorus
data/video_OTDqev8aW0A/frames/f_288.jpg	0.30	ПZE B01
data/video_OTDqev8aW0A/frames/f_289.jpg	0.30	.PBR&B • 3:32
data/video_OTDqev8aW0A/frames/f_289.jpg	0.30	1.oddoe
data/video_OTDqev8aW0A/frames/f_289.jpg	1.00	Pre-Chorus
data/video_OTDqev8aW0A/frames/f_289.jpg	0.30	HACE
data/video_OTDqev8aW0A/frames/f_290.jpg	0.50	..I
data/video_OTDqev8aW0A/frames/f_290.jpg	0.30	.PBR&B • 3:32
data/video_OTDqev8aW0A/frames/f_290.jpg	0.50	1oll..u
data/video_OTDqev8aW0A/frames/f_290.jpg	1.00	Chorus
data/video_OTDqev8aW0A/frames/f_290.jpg	0.30	TalE Bol
data/video_OTDqev8aW0A/frames/f_291.jpg	0.30	.PBR&B• 3:32
data/video_OTDqev8aW0A/frames/f_291.jpg	0.30	0d.nll.
data/video_OTDqev8aW0A/frames/f_291.jpg	1.00	Chorus
data/video_OTDqev8aW0A/frames/f_292.jpg	0.30	ME.PBR&B• 3:32
data/video_OTDqev8aW0A/frames/f_292.jpg	1.00	Chorus
data/video_OTDqev8aW0A/frames/f_293.jpg	1.00	.PBR&B-3:32
data/video_OTDqev8aW0A/frames/f_293.jpg	0.30	mhoh..000
data/video_OTDqev8aW0A/frames/f_293.jpg	1.00	Chorus
data/video_OTDqev8aW0A/frames/f_294.jpg	1.00	.PBR&B-3:32
data/video_OTDqev8aW0A/frames/f_294.jpg	0.30	mlmliol
data/video_OTDqev8aW0A/frames/f_294.jpg	1.00	Chorus
data/video_OTDqev8aW0A/frames/f_295.jpg	0.30	.PBR&B • 3:32
data/video_OTDqev8aW0A/frames/f_295.jpg	1.00	nll.mll.mll
data/video_OTDqev8aW0A/frames/f_295.jpg	1.00	Chorus
data/video_OTDqev8aW0A/frames/f_296.jpg	0.30	E.PBR&B• 3:32
data/video_OTDqev8aW0A/frames/f_296.jpg	0.30	Homllemll.
data/video_OTDqev8aW0A/frames/f_296.jpg	1.00	Chorus
data/video_OTDqev8aW0A/frames/f_297.jpg	0.30	EE.PBR&B • 3:32
data/video_OTDqev8aW0A/frames/f_297.jpg	0.30	thuthth.
data/video_OTDqev8aW0A/frames/f_297.jpg	1.00	Chorus
data/video_OTDqev8aW0A/frames/f_298.jpg	0.30	.PBR&B • 3:32
data/video_OTDqev8aW0A/frames/f_298.jpg	1.00	Chorus
data/video_OTDqev8aW0A/frames/f_299.jpg	0.30	E.PBR&B• 3:32
data/video_OTDqev8aW0A/frames/f_299.jpg	0.30	banl.ul..
data/video_OTDqev8aW0A/frames/f_299.jpg	1.00	Chorus
data/video_OTDqev8aW0A/frames/f_300.jpg	0.30	E.PBR&B• 3:32
data/video_OTDqev8aW0A/frames/f_300.jpg	0.50	….l........
data/video_OTDqev8aW0A/frames/f_300.jpg	1.00	Chorus
data/video_OTDqev8aW0A/frames/f_301.jpg	0.30	E.PBR&B • 3:32
data/video_OTDqev8aW0A/frames/f_301.jpg	1.00	..H...l.....
data/video_OTDqev8aW0A/frames/f_301.jpg	1.00	Chorus
data/video_OTDqev8aW0A/frames/f_302.jpg	1.00	.PBR&B-3:32
data/video_OTDqev8aW0A/frames/f_302.jpg	0.30	.1..lh...l
data/video_OTDqev8aW0A/frames/f_302.jpg	1.00	Chorus
data/video_OTDqev8aW0A/frames/f_303.jpg	1.00	.PBR&B-3:32
data/video_OTDqev8aW0A/frames/f_303.jpg	0.30	.aoi..il
data/video_OTDqev8aW0A/frames/f_303.jpg	1.00	Chorus
data/video_OTDqev8aW0A/frames/f_304.jpg	0.30	E.PBR&B• 3:32
data/video_OTDqev8aW0A/frames/f_304.jpg	1.00	Bridge
data/video_OTDqev8aW0A/frames/f_305.jpg	0.30	EE.PBR&B • 3:32
data/video_OTDqev8aW0A/frames/f_305.jpg	0.30	.Hanolenel
data/video_OTDqev8aW0A/frames/f_305.jpg	1.00	Bridge
data/video_OTDqev8aW0A/frames/f_306.jpg	0.30	E.PBR&B • 3:32
data/video_OTDqev8aW0A/frames/f_306.jpg	1.00	1m..Imn..lln
data/video_OTDqev8aW0A/frames/f_306.jpg	1.00	Bridge
data/video_OTDqev8aW0A/frames/f_306.jpg	0.30	280 gEД 004)
data/video_OTDqev8aW0A/frames/f_307.jpg	1.00	1..
data/video_OTDqev8aW0A/frames/f_307.jpg	0.30	.PBR&B • 3:32
data/video_OTDqev8aW0A/frames/f_307.jpg	0.30	lon..il
data/video_OTDqev8aW0A/frames/f_307.jpg	1.00	Bridge
data/video_OTDqev8aW0A/frames/f_307.jpg	0.30	280 gEД 004)
data/video_OTDqev8aW0A/frames/f_308.jpg	0.30	E.PBR&B • 3:32
data/video_OTDqev8aW0A/frames/f_308.jpg	0.30	modm.alın.
data/video_OTDqev8aW0A/frames/f_308.jpg	1.00	Bridge
data/video_OTDqev8aW0A/frames/f_309.jpg	0.30	E.PBR&B• 3:32
data/video_OTDqev8aW0A/frames/f_309.jpg	0.30	1olnoln..
data/video_OTDqev8aW0A/frames/f_309.jpg	1.00	Bridge
data/video_OTDqev8aW0A/frames/f_309.jpg	0.30	(2a0 gen20 Al)
data/video_OTDqev8aW0A/frames/f_310.jpg	0.50	ФELE.PBR&B • 3:32
data/video_OTDqev8aW0A/frames/f_310.jpg	1.00	Bridge
data/video_OTDqev8aW0A/frames/f_311.jpg	0.50	ELE.PBR&B •3:32
data/video_OTDqev8aW0A/frames/f_311.jpg	0.50	h..Ihoh..l
data/video_OTDqev8aW0A/frames/f_311.jpg	1.00	Final Chorus
data/video_OTDqev8aW0A/frames/f_311.jpg	0.30	(Za! gan gol fl.)
data/video_OTDqev8aW0A/frames/f_312.jpg	0.50	ELE.PBR&B•3:32
data/video_OTDqev8aW0A/frames/f_312.jpg	0.30	1ndon1l
data/video_OTDqev8aW0A/frames/f_312.jpg	1.00	Final Chorus
data/video_OTDqev8aW0A/frames/f_312.jpg	0.30	(Za! gan gol fl.)
data/video_OTDqev8aW0A/frames/f_313.jpg	0.30	E.PBR&B - 3:32
data/video_OTDqev8aW0A/frames/f_313.jpg	0.30	daldon.i
data/video_OTDqev8aW0A/frames/f_313.jpg	1.00	Final Chorus
data/video_OTDqev8aW0A/frames/f_313.jpg	0.30	CE CHECE
data/video_OTDqev8aW0A/frames/f_314.jpg	0.30	(2a0 g En 201 Al)
data/video_OTDqev8aW0A/frames/f_314.jpg	0.30	ELEPBR&B - 3:32
data/video_OTDqev8aW0A/frames/f_314.jpg	0.30	dlleoloolud
data/video_OTDqev8aW0A/frames/f_314.jpg	1.00	Final Chorus
data/video_OTDqev8aW0A/frames/f_315.jpg	0.30	(2a0 g En 20 Al)
data/video_OTDqev8aW0A/frames/f_315.jpg	0.30	.PBR&B• 3:32
data/video_OTDqev8aW0A/frames/f_315.jpg	0.30	1ba.nl
data/video_OTDqev8aW0A/frames/f_315.jpg	1.00	Final Chorus
data/video_OTDqev8aW0A/frames/f_316.jpg	0.30	E.PBR&B• 3:32
data/video_OTDqev8aW0A/frames/f_316.jpg	0.30	uh.onb.lolı
data/video_OTDqev8aW0A/frames/f_316.jpg	1.00	Final Chorus
data/video_OTDqev8aW0A/frames/f_316.jpg	0.30	CHECE
data/video_OTDqev8aW0A/frames/f_317.jpg	0.30	E.PBR&B• 3:32
data/video_OTDqev8aW0A/frames/f_317.jpg	1.00	Final Chorus
data/video_OTDqev8aW0A/frames/f_318.jpg	0.30	0 ·|}
data/video_OTDqev8aW0A/frames/f_318.jpg	0.30	HE.PBR&B• 3:32
data/video_OTDqev8aW0A/frames/f_318.jpg	0.30	•.I
data/video_OTDqev8aW0A/frames/f_318.jpg	0.30	1..l
data/video_OTDqev8aW0A/frames/f_318.jpg	1.00	Final Chorus
data/video_OTDqev8aW0A/frames/f_318.jpg	0.30	CM CHECE
data/video_OTDqev8aW0A/frames/f_319.jpg	0.30	HE.PBR&B• 3:32
data/video_OTDqev8aW0A/frames/f_319.jpg	0.30	.ll..
data/video_OTDqev8aW0A/frames/f_319.jpg	1.00	Final Chorus
data/video_OTDqev8aW0A/frames/f_319.jpg	0.30	CNE CHCE
data/video_OTDqev8aW0A/frames/f_320.jpg	0.30	.PBR&B• 3:32
data/video_OTDqev8aW0A/frames/f_320.jpg	0.30	1.nlnlln
data/video_OTDqev8aW0A/frames/f_320.jpg	1.00	Final Chorus
data/video_OTDqev8aW0A/frames/f_321.jpg	1.00	.PBR&B-3:32
data/video_OTDqev8aW0A/frames/f_321.jpg	1.00	1..10
data/video_OTDqev8aW0A/frames/f_321.jpg	1.00	Final Chorus
data/video_OTDqev8aW0A/frames/f_322.jpg	1.00	.PBR&B-3:32
data/video_OTDqev8aW0A/frames/f_322.jpg	0.30	mhal..nl
data/video_OTDqev8aW0A/frames/f_322.jpg	1.00	Final Chorus
data/video_OTDqev8aW0A/frames/f_322.jpg	0.30	$vçççE
data/video_OTDqev8aW0A/frames/f_323.jpg	0.30	.PBR&B • 3:32
data/video_OTDqev8aW0A/frames/f_323.jpg	0.30	.l.l..nl
data/video_OTDqev8aW0A/frames/f_323.jpg	1.00	Final Chorus
data/video_OTDqev8aW0A/frames/f_324.jpg	0.30	.PBR&B• 3:32
data/video_OTDqev8aW0A/frames/f_324.jpg	0.30	•lomllonnll
data/video_OTDqev8aW0A/frames/f_324.jpg	1.00	Final Chorus
data/video_OTDqev8aW0A/frames/f_325.jpg	0.30	E.PBR&B• 3:32
data/video_OTDqev8aW0A/frames/f_325.jpg	0.30	.1....Il....Il.
data/video_OTDqev8aW0A/frames/f_325.jpg	1.00	Outro
data/video_OTDqev8aW0A/frames/f_326.jpg	0.50	HE.PBR&B • 3:32
data/video_OTDqev8aW0A/frames/f_326.jpg	0.30	1h..h...ih.
data/video_OTDqev8aW0A/frames/f_326.jpg	1.00	Outro
data/video_OTDqev8aW0A/frames/f_327.jpg	0.30	O ·NEF
data/video_OTDqev8aW0A/frames/f_327.jpg	0.30	E.PBR&B• 3:32
data/video_OTDqev8aW0A/frames/f_327.jpg	1.00	Outro
data/video_OTDqev8aW0A/frames/f_328.jpg	0.30	E.PBR&B• 3:32
data/video_OTDqev8aW0A/frames/f_328.jpg	0.30	..ll
data/video_OTDqev8aW0A/frames/f_328.jpg	1.00	Outro
data/video_OTDqev8aW0A/frames/f_329.jpg	0.30	.PBR&B • 3:32
data/video_OTDqev8aW0A/frames/f_329.jpg	0.30	m.Im.ln.
data/video_OTDqev8aW0A/frames/f_329.jpg	1.00	Outro
data/video_OTDqev8aW0A/frames/f_330.jpg	0.30	.PBR&B • 3:32
data/video_OTDqev8aW0A/frames/f_330.jpg	0.30	..In..In.
data/video_OTDqev8aW0A/frames/f_330.jpg	1.00	Outro
data/video_OTDqev8aW0A/frames/f_331.jpg	1.00	.PBR&B-3:32
data/video_OTDqev8aW0A/frames/f_331.jpg	0.30	1.dmn.don..d
data/video_OTDqev8aW0A/frames/f_331.jpg	1.00	Outro
data/video_OTDqev8aW0A/frames/f_332.jpg	0.30	.PBR&B • 3:32
data/video_OTDqev8aW0A/frames/f_332.jpg	0.50	1.il
data/video_OTDqev8aW0A/frames/f_332.jpg	1.00	Outro
data/video_OTDqev8aW0A/frames/f_333.jpg	0.30	.PBR&B • 3:32
data/video_OTDqev8aW0A/frames/f_333.jpg	0.30	lnn.ln.el
data/video_OTDqev8aW0A/frames/f_333.jpg	1.00	Outro
